المنتج,سعر المنتج,صورة المنتج,رابط المنتج,المنافس,__المنافس__,__صف_الملف__,__سبب_التلف__
عينة روبرتو كافالي بارادايسو او دو بارفيوم 1.2مل,14.0,"https://cdn.salla.sa/cdn-cgi/image/fit=scale-down,width=500,height=500,onerror=redirect,format=webp/dqYz/605a057d-4829-467d-8590-b8663af51a2c-500x500-gTIVUC9AiD5xzYwhQdNbOaRL0GBwH9S1GVQ3Z2b5.jpg",https://mahally.com/products/1313514692/973102834/?queryID=958aeb61bb2146aa151293c9e4be646b&position=1&index=products_v2_store_view,م فنيلا,م فنيلا.csv,0,عينة_أو_مرفوض
عينة زيرجوف كازوماراتي ليرا او دو برفيوم 2مل,25.0,"https://cdn.salla.sa/cdn-cgi/image/fit=scale-down,width=500,height=500,onerror=redirect,format=webp/dqYz/dc27995b-a14b-4758-bd1f-a2a8d48a286e-500x500-UzFzLwCDdnZmf1oEglNT4jbbS17M4vSwRGvm3pme.jpg",https://mahally.com/products/1313514692/214491273/?queryID=958aeb61bb2146aa151293c9e4be646b&position=28&index=products_v2_store_view,م فنيلا,م فنيلا.csv,27,عينة_أو_مرفوض
عينة زيرجوف كيمي امبيريان برفيوم 2مل,39.0,"https://cdn.salla.sa/cdn-cgi/image/fit=scale-down,width=500,height=500,onerror=redirect,format=webp/dqYz/41aab881-fd0c-4eb1-9bf1-43314891f1bf-500x500-hjfC4zwuPuBrpkfHptaqPMkzz0uKWMAUC6v7Mw1H.jpg",https://mahally.com/products/1313514692/537843908/?queryID=958aeb61bb2146aa151293c9e4be646b&position=29&index=products_v2_store_view,م فنيلا,م فنيلا.csv,28,عينة_أو_مرفوض
عينة زيرجوف كيمي ليلى برفيوم 2مل,39.0,"https://cdn.salla.sa/cdn-cgi/image/fit=scale-down,width=500,height=500,onerror=redirect,format=webp/dqYz/6240981e-0ae6-4cb6-80dd-5d4e9992d6f2-500x500-EJSW9a9LTjAwQbeoGaUSnWEvHJNfyLFf2mRtRT7f.jpg",https://mahally.com/products/1313514692/1061550892/?queryID=958aeb61bb2146aa151293c9e4be646b&position=30&index=products_v2_store_view,م فنيلا,م فنيلا.csv,29,عينة_أو_مرفوض
عينة زيرجوف كيمي هوليسم برفيوم 2مل,35.0,"https://cdn.salla.sa/cdn-cgi/image/fit=scale-down,width=500,height=500,onerror=redirect,format=webp/dqYz/dd8793f6-2c82-43c9-b140-c6b01ef6d275-500x500-JbSUeMqU3Yhof4VYah5laMOJXtaigBRtGbM2GLEt.jpg",https://mahally.com/products/1313514692/1633890857/?queryID=958aeb61bb2146aa151293c9e4be646b&position=31&index=products_v2_store_view,م فنيلا,م فنيلا.csv,30,عينة_أو_مرفوض
عينة ميمو باريس ايريش ليذر او دو برفيوم 1.5مل,29.0,"https://cdn.salla.sa/cdn-cgi/image/fit=scale-down,width=500,height=500,onerror=redirect,format=webp/dqYz/fd8c3bd5-3a05-485e-b300-aa1fe30727d3-500x500-Esq5YZLikV6QiYlMizpfSLDRi2RGnSxPYhQv1YcH.jpg",https://mahally.com/products/1313514692/586326272/?queryID=958aeb61bb2146aa151293c9e4be646b&position=51&index=products_v2_store_view,م فنيلا,م فنيلا.csv,50,عينة_أو_مرفوض
عينة ديور جادور لور ايسينس دي بارفيوم 1مل,10.0,"https://cdn.salla.sa/cdn-cgi/image/fit=scale-down,width=500,height=500,onerror=redirect,format=webp/dqYz/832cb1b3-ce9e-48f0-889d-3242304188d2-500x500-JMcnX6GmEWuRn8hUbQEUGvPl3VEzl1t7VujTFWp6.jpg",https://mahally.com/products/1313514692/672950422/?queryID=958aeb61bb2146aa151293c9e4be646b&position=52&index=products_v2_store_view,م فنيلا,م فنيلا.csv,51,عينة_أو_مرفوض
عينة جورجيو ارماني سترونجر ويذ يو برفيوم 1.2مل,9.0,"https://cdn.salla.sa/cdn-cgi/image/fit=scale-down,width=500,height=500,onerror=redirect,format=webp/dqYz/fbe59a24-959d-41c7-ab4d-825fb080c707-500x500-B1vHQXUHPx3Q5bFpoV7hEOMWIUy8lUyR2M5hIoFr.jpg",https://mahally.com/products/1313514692/1285197175/?queryID=958aeb61bb2146aa151293c9e4be646b&position=70&index=products_v2_store_view,م فنيلا,م فنيلا.csv,69,عينة_أو_مرفوض
عينة زيرجوف اليكساندريا III برفيوم 2 مل,39.0,"https://cdn.salla.sa/cdn-cgi/image/fit=scale-down,width=500,height=500,onerror=redirect,format=webp/dqYz/cd22003b-990e-4dac-a2cd-ec5a1033b04a-500x500-H31C6XlPPR2cy2ioaKshs077xwlP0dksTmaGVSOT.jpg",https://mahally.com/products/1313514692/1634364177/?queryID=958aeb61bb2146aa151293c9e4be646b&position=84&index=products_v2_store_view,م فنيلا,م فنيلا.csv,83,عينة_أو_مرفوض
عينة بلغاري مان ان بلاك بارفيوم 1.5مل,19.0,"https://cdn.salla.sa/cdn-cgi/image/fit=scale-down,width=500,height=500,onerror=redirect,format=webp/dqYz/f0465439-5761-4728-8d48-cb92faae53f1-500x500-07N8brGgvOTO9caQCjJzFjIYQ82pj0eaE3QUkfhL.jpg",https://mahally.com/products/1313514692/1185066429/?queryID=958aeb61bb2146aa151293c9e4be646b&position=100&index=products_v2_store_view,م فنيلا,م فنيلا.csv,99,عينة_أو_مرفوض
عينة روبرتو كافالي بارادايسو او دو بارفيوم 1.2مل,14.0,"https://cdn.salla.sa/cdn-cgi/image/fit=scale-down,width=500,height=500,onerror=redirect,format=webp/dqYz/605a057d-4829-467d-8590-b8663af51a2c-500x500-gTIVUC9AiD5xzYwhQdNbOaRL0GBwH9S1GVQ3Z2b5.jpg",https://mahally.com/products/1313514692/973102834/?queryID=958aeb61bb2146aa151293c9e4be646b&position=1&index=products_v2_store_view,م فنيلا,م فنيلا.csv,100,عينة_أو_مرفوض
عينة ميمو باريس فلام او دو برفيوم 1.5مل,29.0,"https://cdn.salla.sa/cdn-cgi/image/fit=scale-down,width=500,height=500,onerror=redirect,format=webp/dqYz/619cf163-24ec-40e7-a1fa-e015892b2f92-500x500-CXFFWYCjkMaMz9Bpvxf5TGW1uBEBggluKzRczNmx.jpg",https://mahally.com/products/1313514692/1024646697/?queryID=294fc49b23df38a85a6358015fcec80e&position=101&index=products_v2_store_view,م فنيلا,م فنيلا.csv,122,عينة_أو_مرفوض
عينة ميمو باريس كابادوكيا او دو برفيوم 1.5 مل,29.0,"https://cdn.salla.sa/cdn-cgi/image/fit=scale-down,width=500,height=500,onerror=redirect,format=webp/dqYz/82fe2de4-6aa2-43a4-826a-60c706369fda-500x500-igvJ3HQXN41w2CMg1VlFqfSk7LzXHYPT5eBJWBzu.jpg",https://mahally.com/products/1313514692/965238005/?queryID=294fc49b23df38a85a6358015fcec80e&position=102&index=products_v2_store_view,م فنيلا,م فنيلا.csv,123,عينة_أو_مرفوض
عينة زيرجوف سيمفونيوم برفيوم 2مل,39.0,"https://cdn.salla.sa/cdn-cgi/image/fit=scale-down,width=500,height=500,onerror=redirect,format=webp/dqYz/d2a54395-2a40-42bc-b155-7cc98fcb409e-500x500-lDKeVsDKQECBIGIp4bNaRdmkzPkyBjtSHKlDl92X.jpg",https://mahally.com/products/1313514692/587295534/?queryID=294fc49b23df38a85a6358015fcec80e&position=120&index=products_v2_store_view,م فنيلا,م فنيلا.csv,141,عينة_أو_مرفوض
عينة ديور سوفاج برفيوم 1مل,10.0,"https://cdn.salla.sa/cdn-cgi/image/fit=scale-down,width=500,height=500,onerror=redirect,format=webp/dqYz/f17a7653-fc3e-4e4d-a4a9-2b88b6617860-500x500-Kb2fJvu8u4vUPLaew8U73VpxtSCFvxSRvwWNLVud.jpg",https://mahally.com/products/1313514692/1207733482/?queryID=294fc49b23df38a85a6358015fcec80e&position=131&index=products_v2_store_view,م فنيلا,م فنيلا.csv,152,عينة_أو_مرفوض
عينة الجانسو فرايداي اديشين او دو تواليت 15مل,79.0,"https://cdn.salla.sa/cdn-cgi/image/fit=scale-down,width=500,height=500,onerror=redirect,format=webp/dqYz/ed8a3493-30e2-4343-8584-46e9982eaf15-500x500-wGkWfEcSkgKFUsC5YWYPSTM8rhnetpNASku0piNc.jpg",https://mahally.com/products/1313514692/1860973266/?queryID=294fc49b23df38a85a6358015fcec80e&position=132&index=products_v2_store_view,م فنيلا,م فنيلا.csv,153,عينة_أو_مرفوض
عينة جورجيو ارماني اكوا دي جيو او دو برفيوم 15مل,99.0,"https://cdn.salla.sa/cdn-cgi/image/fit=scale-down,width=500,height=500,onerror=redirect,format=webp/dqYz/9a3c2811-6b22-45be-ab75-f941604ce83f-500x500-tapbvlEEhwNGgONxqipZaj1fhjO7yO4Cnyv0PhB7.jpg",https://mahally.com/products/1313514692/1004487384/?queryID=294fc49b23df38a85a6358015fcec80e&position=150&index=products_v2_store_view,م فنيلا,م فنيلا.csv,171,عينة_أو_مرفوض
عينة سوسبيرو اربا بيور ماجيك او دو برفيوم 2مل,27.0,"https://cdn.salla.sa/cdn-cgi/image/fit=scale-down,width=500,height=500,onerror=redirect,format=webp/dqYz/147797c9-a5d6-4fa7-aa4b-b6c65abb19e3-500x500-m3nraBDd2clDAxoNl6yPBr2yB4X1bTAsTLL0CHAX.jpg",https://mahally.com/products/1313514692/1910324545/?queryID=294fc49b23df38a85a6358015fcec80e&position=152&index=products_v2_store_view,م فنيلا,م فنيلا.csv,173,عينة_أو_مرفوض
عينة عطر قوتشي جيلتي بور فيم اليكسر دو برفيوم 1.5مل,29.0,"https://cdn.salla.sa/cdn-cgi/image/fit=scale-down,width=500,height=500,onerror=redirect,format=webp/dqYz/7068094f-6447-43db-89dd-7bd68ccbaa4c-500x500-BVFF6H1iYpOAnWHsKQ5T1x10moQ4KPsUTbPN9gjt.jpg",https://mahally.com/products/1313514692/1533601569/?queryID=294fc49b23df38a85a6358015fcec80e&position=172&index=products_v2_store_view,م فنيلا,م فنيلا.csv,193,عينة_أو_مرفوض
عينة مانسيرا سينك تيري او دو بارفيوم 2مل,12.0,"https://cdn.salla.sa/cdn-cgi/image/fit=scale-down,width=500,height=500,onerror=redirect,format=webp/dqYz/3731f899-c83e-4055-b3c8-6df4ce196bdd-500x500-oEHlDOy6Ox3eNxyEq3Dq6gKEPgQA2EN1j5vuMT2I.jpg",https://mahally.com/products/1313514692/2073622555/?queryID=294fc49b23df38a85a6358015fcec80e&position=183&index=products_v2_store_view,م فنيلا,م فنيلا.csv,204,عينة_أو_مرفوض
عينة نارسيسو رودريغز فور هيم فيتفير مسك او دو تواليت 0.6مل,9.0,"https://cdn.salla.sa/cdn-cgi/image/fit=scale-down,width=500,height=500,onerror=redirect,format=webp/dqYz/e15f5546-46d4-4385-a73e-5e0cbd8eab45-500x500-BMOAcRUeSKZkhvNW7ApdlxDTpO5CXrolgpGKDSGK.jpg",https://mahally.com/products/1313514692/829715122/?queryID=294fc49b23df38a85a6358015fcec80e&position=194&index=products_v2_store_view,م فنيلا,م فنيلا.csv,215,عينة_أو_مرفوض
عينة زيرجوف تورينو 22 او دو برفيوم 2مل,39.0,"https://cdn.salla.sa/cdn-cgi/image/fit=scale-down,width=500,height=500,onerror=redirect,format=webp/dqYz/b4d859c5-15ce-4073-96c4-1b137f135af9-500x500-2LpNizTiIHIXO0OpFsjs0n5aQgdIq4Va3MtIlVuX.jpg",https://mahally.com/products/1313514692/163280101/?queryID=294fc49b23df38a85a6358015fcec80e&position=196&index=products_v2_store_view,م فنيلا,م فنيلا.csv,217,عينة_أو_مرفوض
عينة ارماني اكوا دي جيو او دو تواليت 1.2مل,14.0,"https://cdn.salla.sa/cdn-cgi/image/fit=scale-down,width=500,height=500,onerror=redirect,format=webp/dqYz/9409090d-eef1-4a56-97ee-d3a473a1ce29-500x500-XS6ebm3p0fd8Fh8fYhIb64d57m7Vz2qIffflheAH.jpg",https://mahally.com/products/1313514692/451409692/?queryID=6fe5cc1c995d66e0a094a7f8bb946d12&position=211&index=products_v2_store_view,م فنيلا,م فنيلا.csv,232,عينة_أو_مرفوض
عينة مانسيرا بلاك نوار او دو برفيوم 2مل,12.0,"https://cdn.salla.sa/cdn-cgi/image/fit=scale-down,width=500,height=500,onerror=redirect,format=webp/dqYz/2b2bd5ee-cb22-4772-b947-a4a4d102900d-500x500-Ea5lH8Mf63gTO4pHmC11iuQgpWXM5T7uRFxnEtws.jpg",https://mahally.com/products/1313514692/648728186/?queryID=6fe5cc1c995d66e0a094a7f8bb946d12&position=218&index=products_v2_store_view,م فنيلا,م فنيلا.csv,239,عينة_أو_مرفوض
عينة مانسيرا انتنس ريد توباكو اكسترايت دو بارفيوم 2مل,11.0,"https://cdn.salla.sa/cdn-cgi/image/fit=scale-down,width=500,height=500,onerror=redirect,format=webp/dqYz/1818a768-7e5c-44f4-9708-ae4386933d5b-492x500-oYSqZnm70gkmdGb0lqQLv7NacC15tWCljSP6QcPx.jpg",https://mahally.com/products/1313514692/1585608494/?queryID=6fe5cc1c995d66e0a094a7f8bb946d12&position=227&index=products_v2_store_view,م فنيلا,م فنيلا.csv,248,عينة_أو_مرفوض
عينة جورجيو ارماني سترونجر ويذ يو صندل او دو برفيوم 1.2مل,14.0,"https://cdn.salla.sa/cdn-cgi/image/fit=scale-down,width=500,height=500,onerror=redirect,format=webp/dqYz/594b2902-ae10-4c59-b7dd-537966dc374a-500x500-vwNGaLM7zElQDztuSIqUwcJpNQQbgpzefPFFEEne.jpg",https://mahally.com/products/1313514692/17268252/?queryID=6fe5cc1c995d66e0a094a7f8bb946d12&position=228&index=products_v2_store_view,م فنيلا,م فنيلا.csv,249,عينة_أو_مرفوض
عينة ديور سوفاج او فورت برفيوم 1مل,9.0,"https://cdn.salla.sa/cdn-cgi/image/fit=scale-down,width=500,height=500,onerror=redirect,format=webp/dqYz/57e46d0c-72d1-4c72-af55-9790c536023d-500x500-BcBPrfn80b9LjtQPepcMcVTfjKbCqKKOp1oXHrMC.jpg",https://mahally.com/products/1313514692/127032418/?queryID=6fe5cc1c995d66e0a094a7f8bb946d12&position=229&index=products_v2_store_view,م فنيلا,م فنيلا.csv,250,عينة_أو_مرفوض
عينة جان بول غوتييه لي مال الكسير برفيوم 1.5مل,14.0,"https://cdn.salla.sa/cdn-cgi/image/fit=scale-down,width=500,height=500,onerror=redirect,format=webp/dqYz/56301973-8de8-4e26-a746-a3d8053c2886-500x500-0NmklcYE2ZgFleuFcxcQKbBUIOYKjc8GZCMxLPyu.jpg",https://mahally.com/products/1313514692/1504353612/?queryID=6fe5cc1c995d66e0a094a7f8bb946d12&position=231&index=products_v2_store_view,م فنيلا,م فنيلا.csv,252,عينة_أو_مرفوض
عينة جورجيو ارماني كود او دو بارفيوم 1.2مل,12.0,"https://cdn.salla.sa/cdn-cgi/image/fit=scale-down,width=500,height=500,onerror=redirect,format=webp/dqYz/6924ecb6-a53c-4729-b0e7-23901b718c0b-500x500-zZNahM2MOxV2WdxY2vMeqcLkWyiKPQCr9xcPf4Lx.jpg",https://mahally.com/products/1313514692/1077591189/?queryID=6fe5cc1c995d66e0a094a7f8bb946d12&position=242&index=products_v2_store_view,م فنيلا,م فنيلا.csv,263,عينة_أو_مرفوض
عينة زيرجوف عود ستارز الكساندريا II انيفيرساري برفيوم 2مل,39.0,"https://cdn.salla.sa/cdn-cgi/image/fit=scale-down,width=500,height=500,onerror=redirect,format=webp/dqYz/908d25de-8117-4b4b-8fec-c03b37d8c38e-500x500-Dlo6O3ImWK2LzPyZ75oTveQzQxoxTZpXXzaOXcFN.jpg",https://mahally.com/products/1313514692/1474234941/?queryID=6fe5cc1c995d66e0a094a7f8bb946d12&position=248&index=products_v2_store_view,م فنيلا,م فنيلا.csv,269,عينة_أو_مرفوض
عينة ارماني كود بور هوم او دو بارفيوم 1.2مل,6.0,"https://cdn.salla.sa/cdn-cgi/image/fit=scale-down,width=500,height=500,onerror=redirect,format=webp/dqYz/f6945144-72b3-4917-a733-324621ac5b05-500x500-IipBhIOSX9bOybAaKqCluIqJ4Ug1wJzYPlYRORhO.jpg",https://mahally.com/products/1313514692/263932330/?queryID=6fe5cc1c995d66e0a094a7f8bb946d12&position=286&index=products_v2_store_view,م فنيلا,م فنيلا.csv,307,عينة_أو_مرفوض
عينة زيرجوف توني ايومي ديفاييد برفيوم 2مل,39.0,"https://cdn.salla.sa/cdn-cgi/image/fit=scale-down,width=500,height=500,onerror=redirect,format=webp/dqYz/307e5316-2306-4452-a24e-a11f1571b263-500x500-koJxY5QMlgBDP630Y1QKcAvHdwC3LPRwH6Qit6HE.jpg",https://mahally.com/products/1313514692/1472836832/?queryID=16b46af47fd3833dbb719b19b5d983e8&position=308&index=products_v2_store_view,م فنيلا,م فنيلا.csv,329,عينة_أو_مرفوض
عينة جورجيو ارماني سي بارفيوم 1.2مل,21.0,"https://cdn.salla.sa/cdn-cgi/image/fit=scale-down,width=500,height=500,onerror=redirect,format=webp/dqYz/08403eb2-6e02-467f-90fb-cdaa37a4d9cb-500x500-g4ptWVPxwJYnKXInkgmFLNIfN7A6un1YOxzhK6At.jpg",https://mahally.com/products/1313514692/570802579/?queryID=16b46af47fd3833dbb719b19b5d983e8&position=335&index=products_v2_store_view,م فنيلا,م فنيلا.csv,356,عينة_أو_مرفوض
عينة كلوي اتيليه دي فلور ماجنوليا البا او دو برفيوم 1.2مل,9.0,"https://cdn.salla.sa/cdn-cgi/image/fit=scale-down,width=500,height=500,onerror=redirect,format=webp/dqYz/3a8b87b3-941b-436d-915f-e31f06cc8b0e-500x500-VhijaHYtNe5QeI6q3CjaQ8MVaAAQRVkyDmOLvxgY.jpg",https://mahally.com/products/1313514692/80441357/?queryID=16b46af47fd3833dbb719b19b5d983e8&position=336&index=products_v2_store_view,م فنيلا,م فنيلا.csv,357,عينة_أو_مرفوض
عينة جان بول غوتييه لو مال اليكسير ابسولو برفيوم انتنس 1.5مل,14.0,"https://cdn.salla.sa/cdn-cgi/image/fit=scale-down,width=500,height=500,onerror=redirect,format=webp/dqYz/bcb73970-9f56-493b-96bb-63cb08385cc4-500x500-ZoWjIKs3AMP4WCjiCm82YedbWGHUmzW1LUv4as6P.jpg",https://mahally.com/products/1313514692/1122736689/?queryID=16b46af47fd3833dbb719b19b5d983e8&position=345&index=products_v2_store_view,م فنيلا,م فنيلا.csv,366,عينة_أو_مرفوض
عينة بلغاري امنية اميثيست او دو تواليت 1.5مل,19.0,"https://cdn.salla.sa/cdn-cgi/image/fit=scale-down,width=500,height=500,onerror=redirect,format=webp/dqYz/320c934d-f905-4e87-83a7-b37ad2e124ab-500x500-RgXlMkNEakMzsmlog0kgK9ajEfLkfDwtPOxGkjKZ.jpg",https://mahally.com/products/1313514692/1944961470/?queryID=16b46af47fd3833dbb719b19b5d983e8&position=351&index=products_v2_store_view,م فنيلا,م فنيلا.csv,372,عينة_أو_مرفوض
عينة جان بول غوتييه سكاندال انتنس او دو برفيوم انتنس 1.5 مل,11.0,"https://cdn.salla.sa/cdn-cgi/image/fit=scale-down,width=500,height=500,onerror=redirect,format=webp/dqYz/c4e293ba-fe5c-4ae8-98a0-cb97fdfe0015-500x500-l2889ggzZ4LZGX8y4J1fSNh3s5uUpl1dyd4eKPNq.jpg",https://mahally.com/products/1313514692/1146282404/?queryID=16b46af47fd3833dbb719b19b5d983e8&position=395&index=products_v2_store_view,م فنيلا,م فنيلا.csv,416,عينة_أو_مرفوض
عينة دولتشي اند غابانا كيه او دو تواليت 1.5مل,9.0,"https://cdn.salla.sa/cdn-cgi/image/fit=scale-down,width=500,height=500,onerror=redirect,format=webp/dqYz/OoyqtZVgsXeXuNicVUD50IGErbOvaTXfZaRYzTPp.jpg",https://mahally.com/products/1313514692/176767278/?queryID=a30117341dc2d947913ba3be5f72e3f5&position=411&index=products_v2_store_view,م فنيلا,م فنيلا.csv,432,عينة_أو_مرفوض
عينة دولتشي اند غابانا لايت بلو او دو تواليت 1.5مل,6.0,"https://cdn.salla.sa/cdn-cgi/image/fit=scale-down,width=500,height=500,onerror=redirect,format=webp/dqYz/hIwYTcLLtSejnzX8l91JyOFVOP2Mk0UO789g9GdK.jpg",https://mahally.com/products/1313514692/1306060594/?queryID=a30117341dc2d947913ba3be5f72e3f5&position=421&index=products_v2_store_view,م فنيلا,م فنيلا.csv,442,عينة_أو_مرفوض
عينة ديور جادور انفينيسيم او دو برفيوم 1مل,7.0,"https://cdn.salla.sa/cdn-cgi/image/fit=scale-down,width=500,height=500,onerror=redirect,format=webp/dqYz/80e2975f-62ae-462f-8fb4-a84fe513ded7-500x500-weKMv2Nk041VLQji9ApIFYuZZ7pTfYoiaYDdHEeB.jpg",https://mahally.com/products/1313514692/467586291/?queryID=a30117341dc2d947913ba3be5f72e3f5&position=428&index=products_v2_store_view,م فنيلا,م فنيلا.csv,449,عينة_أو_مرفوض
عينة فرزاتشي يلو دياموند او دو تواليت 1مل,6.0,"https://cdn.salla.sa/cdn-cgi/image/fit=scale-down,width=500,height=500,onerror=redirect,format=webp/dqYz/e7b209d2-0530-45a4-875d-9b2bde8b7c15-500x500-5bPeSd3dI7UCjjkm2xm3lSHsZXpCAVvunhyrrMzI.jpg",https://mahally.com/products/1313514692/1960111149/?queryID=a30117341dc2d947913ba3be5f72e3f5&position=439&index=products_v2_store_view,م فنيلا,م فنيلا.csv,460,عينة_أو_مرفوض
عينة اجنر ايكونستا او دو برفيوم 1.5 مل,5.0,"https://cdn.salla.sa/cdn-cgi/image/fit=scale-down,width=500,height=500,onerror=redirect,format=webp/dqYz/6bbd36d6-176d-4742-8811-80905fb4828a-500x500-sHC7y4eQb9KVkHTeEfJqHOHtjxLzqRroQ3gN011H.jpg",https://mahally.com/products/1313514692/1732204451/?queryID=a30117341dc2d947913ba3be5f72e3f5&position=451&index=products_v2_store_view,م فنيلا,م فنيلا.csv,472,عينة_أو_مرفوض
عينة زيرجوف جوين ذا كلوب دون او دو برفيوم 2مل,39.0,"https://cdn.salla.sa/cdn-cgi/image/fit=scale-down,width=500,height=500,onerror=redirect,format=webp/dqYz/c0485f05-111d-4070-aa2f-ac5d55badc2c-500x500-Y1PytYAghU6NTXisuDpFM0QYFIWWL77NuDgcCexx.jpg",https://mahally.com/products/1313514692/820486764/?queryID=a30117341dc2d947913ba3be5f72e3f5&position=482&index=products_v2_store_view,م فنيلا,م فنيلا.csv,503,عينة_أو_مرفوض
عينة كارتير لابانتير بارفيوم 10مل,89.0,"https://cdn.salla.sa/cdn-cgi/image/fit=scale-down,width=500,height=500,onerror=redirect,format=webp/dqYz/499d34c6-e721-49e8-9f48-b636f686c54e-500x500-X8i738ujqBmNiH2acsx4H83m8nbndUWIGLal07Ph.jpg",https://mahally.com/products/1313514692/249645796/?queryID=a30117341dc2d947913ba3be5f72e3f5&position=483&index=products_v2_store_view,م فنيلا,م فنيلا.csv,504,عينة_أو_مرفوض
عينة اف سان لوران لو فيستيير ديس بارفيومز بيبي كات او دو برفيوم 2مل,19.0,"https://cdn.salla.sa/cdn-cgi/image/fit=scale-down,width=500,height=500,onerror=redirect,format=webp/dqYz/dd292924-d145-4ca0-b85e-45526c979844-500x500-C5x4m60zX2BNqV30m4ALd2IrPSVvXnjFLMyIeCFw.jpg",https://mahally.com/products/1313514692/1983170961/?queryID=a30117341dc2d947913ba3be5f72e3f5&position=485&index=products_v2_store_view,م فنيلا,م فنيلا.csv,506,عينة_أو_مرفوض
عينة ديور هوم او دو تواليت 1مل,8.0,"https://cdn.salla.sa/cdn-cgi/image/fit=scale-down,width=500,height=500,onerror=redirect,format=webp/dqYz/Q3iPfZxVZGQZVPo1XdQqItxn81nM8Gid3UFnxfar.png",https://mahally.com/products/1313514692/979968855/?queryID=a30117341dc2d947913ba3be5f72e3f5&position=492&index=products_v2_store_view,م فنيلا,م فنيلا.csv,513,عينة_أو_مرفوض
عينة هيرمس توتي تويلي دي هيرمس او دو بارفيوم 2مل,7.0,"https://cdn.salla.sa/cdn-cgi/image/fit=scale-down,width=500,height=500,onerror=redirect,format=webp/dqYz/f8957d6d-a181-4c3d-a154-087bfbfe44f2-500x500-pvkzMxxNNZ1lXQvg6XCJ04Yfu0AJeHpQFbYBLIyR.jpg",https://mahally.com/products/1313514692/1507514963/?queryID=a30117341dc2d947913ba3be5f72e3f5&position=493&index=products_v2_store_view,م فنيلا,م فنيلا.csv,514,عينة_أو_مرفوض
عينة زيرجوف كيمي اكوا ريجيا برفيوم 2مل,39.0,"https://cdn.salla.sa/cdn-cgi/image/fit=scale-down,width=500,height=500,onerror=redirect,format=webp/dqYz/83dae934-c796-4bf9-b091-3c514f135526-500x500-yL5OucLnGEnFYNmRHSuam3ZdEVyJP69BHgWBmsB7.jpg",https://mahally.com/products/1313514692/1690671459/?queryID=a30117341dc2d947913ba3be5f72e3f5&position=498&index=products_v2_store_view,م فنيلا,م فنيلا.csv,519,عينة_أو_مرفوض
عينة ميمو باريس انفرنيس او دو برفيوم 1.5مل,29.0,"https://cdn.salla.sa/cdn-cgi/image/fit=scale-down,width=500,height=500,onerror=redirect,format=webp/dqYz/af55a478-3927-44de-bbf3-2b9795a0f72c-500x500-WVT7Aad6NRirAGyJo98DWPcSw07b0dXu3htoc1O3.jpg",https://mahally.com/products/1313514692/924116852/?queryID=20a4c09164b4ca9c82d88a3ec5b93ed2&position=509&index=products_v2_store_view,م فنيلا,م فنيلا.csv,530,عينة_أو_مرفوض
عينة زيرجوف جولدن موكا برفيوم 2مل,49.0,"https://cdn.salla.sa/cdn-cgi/image/fit=scale-down,width=500,height=500,onerror=redirect,format=webp/dqYz/fb0231d6-6202-4dc0-9d47-1cdf40785bff-500x500-JI2NOttZL1uzEvMwDntveEw0mgkBUNv4QxkJ5JcL.jpg",https://mahally.com/products/1313514692/1552076295/?queryID=20a4c09164b4ca9c82d88a3ec5b93ed2&position=538&index=products_v2_store_view,م فنيلا,م فنيلا.csv,559,عينة_أو_مرفوض
عينة زيرجوف ديكاس او دو برفيوم 2مل,36.0,"https://cdn.salla.sa/cdn-cgi/image/fit=scale-down,width=500,height=500,onerror=redirect,format=webp/dqYz/4833b984-4800-4be1-95cc-b19785688d72-500x500-QaxEfopGVm4owMD8JJYP69ZQLL7jfMH3A3kMPNV3.jpg",https://mahally.com/products/1313514692/491772485/?queryID=20a4c09164b4ca9c82d88a3ec5b93ed2&position=555&index=products_v2_store_view,م فنيلا,م فنيلا.csv,576,عينة_أو_مرفوض
عينة باكو رابان مليون جولد او دو برفيوم انتنس 1.5مل,7.0,"https://cdn.salla.sa/cdn-cgi/image/fit=scale-down,width=500,height=500,onerror=redirect,format=webp/dqYz/9e4d55e3-8362-4dbe-90a4-067588b618a0-500x500-zc1nFRbbCozTQTpEsy70tiaOJT8DvPG0DneDbxeB.jpg",https://mahally.com/products/1313514692/2002776494/?queryID=20a4c09164b4ca9c82d88a3ec5b93ed2&position=556&index=products_v2_store_view,م فنيلا,م فنيلا.csv,577,عينة_أو_مرفوض
عينة زيرجوف كيمي كيمي برفيوم 2مل,39.0,"https://cdn.salla.sa/cdn-cgi/image/fit=scale-down,width=500,height=500,onerror=redirect,format=webp/dqYz/7329fd53-5c2b-47fe-9395-ccf81a706ace-500x500-ovD00AhLhBnBALPUsiyKsCUUvDAQONszqOiTRasp.jpg",https://mahally.com/products/1313514692/1058288116/?queryID=20a4c09164b4ca9c82d88a3ec5b93ed2&position=558&index=products_v2_store_view,م فنيلا,م فنيلا.csv,579,عينة_أو_مرفوض
عينة رالف لورين بولو 67 او دو تواليت 10 مل,85.0,"https://cdn.salla.sa/cdn-cgi/image/fit=scale-down,width=500,height=500,onerror=redirect,format=webp/dqYz/2a95a572-ed17-4a16-b8cd-93094df1359b-500x500-yzol9Ayc2FK3nhuq3tbIqu631vemgGZyrAc8jBAm.jpg",https://mahally.com/products/1313514692/1889258921/?queryID=20a4c09164b4ca9c82d88a3ec5b93ed2&position=559&index=products_v2_store_view,م فنيلا,م فنيلا.csv,580,عينة_أو_مرفوض
عينة زيرجوف بوكيه ايديال او دو برفيوم 2مل,25.0,"https://cdn.salla.sa/cdn-cgi/image/fit=scale-down,width=500,height=500,onerror=redirect,format=webp/dqYz/117a2d57-2c7b-4b88-b43e-a26a7e507933-500x500-u72vetAH6Lh2nUZcYgFgyUQYmYrKgJ7I4NTGBpsd.jpg",https://mahally.com/products/1313514692/741484410/?queryID=20a4c09164b4ca9c82d88a3ec5b93ed2&position=565&index=products_v2_store_view,م فنيلا,م فنيلا.csv,586,عينة_أو_مرفوض
عينة زيرجوف اكسينتو او دو برفيوم 2مل,34.0,"https://cdn.salla.sa/cdn-cgi/image/fit=scale-down,width=500,height=500,onerror=redirect,format=webp/dqYz/bd72c710-dd76-41ae-b697-98ba3ae36c72-500x500-xdf2b6AAaMyEGH3Mvdnx6cMIpnpl9Wp4vXPIwwFX.jpg",https://mahally.com/products/1313514692/172770630/?queryID=20a4c09164b4ca9c82d88a3ec5b93ed2&position=576&index=products_v2_store_view,م فنيلا,م فنيلا.csv,597,عينة_أو_مرفوض
عينة زيرجوف كيمي حياة برفيوم 2مل,39.0,"https://cdn.salla.sa/cdn-cgi/image/fit=scale-down,width=500,height=500,onerror=redirect,format=webp/dqYz/34f0cf52-35fd-46ad-98f5-108291e310ee-500x500-PHochrsteUyU4TURKyBT5YgHu3BCClTzpxM8DO5D.jpg",https://mahally.com/products/1313514692/775626188/?queryID=20a4c09164b4ca9c82d88a3ec5b93ed2&position=579&index=products_v2_store_view,م فنيلا,م فنيلا.csv,600,عينة_أو_مرفوض
عينة زيرجوف ايلي انيفيرسري برفيوم 2مل,39.0,"https://cdn.salla.sa/cdn-cgi/image/fit=scale-down,width=500,height=500,onerror=redirect,format=webp/dqYz/37d9e10d-974f-42f3-80dc-b3244c0d5374-500x500-0eSxcvm0LBRpYDaHgWCh5Km7wiAeRUmgu83bOgUt.jpg",https://mahally.com/products/1313514692/248535819/?queryID=20a4c09164b4ca9c82d88a3ec5b93ed2&position=598&index=products_v2_store_view,م فنيلا,م فنيلا.csv,619,عينة_أو_مرفوض
عينة جيرلان صحاري الشرق او دو برفيوم 1مل,14.0,"https://cdn.salla.sa/cdn-cgi/image/fit=scale-down,width=500,height=500,onerror=redirect,format=webp/dqYz/c947c425-9e2b-425b-ae3c-a0ca565be3a1-500x500-LVwry8pb1VSYHCd7r5dQoZInqap9FMDbvpL9BLOn.jpg",https://mahally.com/products/1313514692/1341357214/?queryID=997681c5c185bedbd4a9c0524dae77b2&position=601&index=products_v2_store_view,م فنيلا,م فنيلا.csv,622,عينة_أو_مرفوض
عينة زيرجوف كيمي لونا برفيوم 2مل,39.0,"https://cdn.salla.sa/cdn-cgi/image/fit=scale-down,width=500,height=500,onerror=redirect,format=webp/dqYz/0c899a7e-d42b-42c1-9f87-476485fd62a0-500x500-AQcwnwGSnoVr96bp7cevfYa22IG6637gzjB49Jic.jpg",https://mahally.com/products/1313514692/1040014171/?queryID=997681c5c185bedbd4a9c0524dae77b2&position=604&index=products_v2_store_view,م فنيلا,م فنيلا.csv,625,عينة_أو_مرفوض
عينة ديور سوفاج او دو برفيوم 1مل,8.0,"https://cdn.salla.sa/cdn-cgi/image/fit=scale-down,width=500,height=500,onerror=redirect,format=webp/dqYz/9bdd9f28-e344-4a33-b775-fc62141630e5-500x500-2iHvvVmgQPmQkoRfJSnYT2zXEK4zraZ02TeqpIL1.jpg",https://mahally.com/products/1313514692/1814856591/?queryID=997681c5c185bedbd4a9c0524dae77b2&position=611&index=products_v2_store_view,م فنيلا,م فنيلا.csv,632,عينة_أو_مرفوض
عينة ايف سان لوران ليبر او دو بارفيوم 3مل,29.0,"https://cdn.salla.sa/cdn-cgi/image/fit=scale-down,width=500,height=500,onerror=redirect,format=webp/dqYz/f2914c3e-d353-4640-9237-31023429e25c-500x500-jTRqUEYa90LfX4ojhlgSEOpFje5t62PHznUOnCNo.jpg",https://mahally.com/products/1313514692/1048989399/?queryID=997681c5c185bedbd4a9c0524dae77b2&position=628&index=products_v2_store_view,م فنيلا,م فنيلا.csv,649,عينة_أو_مرفوض
عينة بولغاري مان تيري اسنس او دو بارفيوم 1.5مل,5.0,"https://cdn.salla.sa/cdn-cgi/image/fit=scale-down,width=500,height=500,onerror=redirect,format=webp/dqYz/fdbe2468-97c1-4fd2-ac70-6de84f310116-500x500-4k78Yajfq2USIq69UtzLBzsogTOgPnK12Bw4DAZh.jpg",https://mahally.com/products/1313514692/456445588/?queryID=997681c5c185bedbd4a9c0524dae77b2&position=645&index=products_v2_store_view,م فنيلا,م فنيلا.csv,666,عينة_أو_مرفوض
عينة زيرجوف كيمي جابر برفيوم 2مل,39.0,"https://cdn.salla.sa/cdn-cgi/image/fit=scale-down,width=500,height=500,onerror=redirect,format=webp/dqYz/efe8d304-900e-4334-af5c-c6d2e0f6c344-500x500-vJuobHVzqbSxCPM2OeWqI6SugNgdoTNgssK63VgJ.jpg",https://mahally.com/products/1313514692/1021647243/?queryID=997681c5c185bedbd4a9c0524dae77b2&position=648&index=products_v2_store_view,م فنيلا,م فنيلا.csv,669,عينة_أو_مرفوض
عينة زيرجوف كيمي ايلم برفيوم 2مل,39.0,"https://cdn.salla.sa/cdn-cgi/image/fit=scale-down,width=500,height=500,onerror=redirect,format=webp/dqYz/a63e3f27-a47c-4c5e-955d-2a96e9aa3527-500x500-leP7AriV7WgDjJFSsqEPeeE5RE4V6PRHb8FxB9nr.jpg",https://mahally.com/products/1313514692/623565704/?queryID=997681c5c185bedbd4a9c0524dae77b2&position=664&index=products_v2_store_view,م فنيلا,م فنيلا.csv,685,عينة_أو_مرفوض
عينة زيرجوف كيمي ايثر برفيوم 2مل,39.0,"https://cdn.salla.sa/cdn-cgi/image/fit=scale-down,width=500,height=500,onerror=redirect,format=webp/dqYz/10def869-c1bf-4262-90bd-77fcb79342b0-500x500-6GNjToXmEUxm3lmYWxDzRyIMB2UaJs65HanptqXk.jpg",https://mahally.com/products/1313514692/1385405517/?queryID=997681c5c185bedbd4a9c0524dae77b2&position=665&index=products_v2_store_view,م فنيلا,م فنيلا.csv,686,عينة_أو_مرفوض
عينة مونت بلانك امبليم او دو تواليت 1.2مل,4.0,"https://cdn.salla.sa/cdn-cgi/image/fit=scale-down,width=500,height=500,onerror=redirect,format=webp/dqYz/ewcxcL9bM5PRLJTspCDWa7SkW3yVLQm1MVDVDsDi.jpg",https://mahally.com/products/1313514692/1769462899/?queryID=c51b21dbe78a9f71fdbff8c0eced771b&position=708&index=products_v2_store_view,م فنيلا,م فنيلا.csv,729,عينة_أو_مرفوض
عينة ميمو روز باريس روز او دو برفيوم 1.5مل,34.0,"https://cdn.salla.sa/cdn-cgi/image/fit=scale-down,width=500,height=500,onerror=redirect,format=webp/dqYz/2e3330ca-6786-4838-b88d-6d59a20f0c80-500x500-mOOprJzjLAEmEApJA2erRnj4rAwxgocmfN9aafdc.jpg",https://mahally.com/products/1313514692/1433350452/?queryID=c51b21dbe78a9f71fdbff8c0eced771b&position=718&index=products_v2_store_view,م فنيلا,م فنيلا.csv,739,عينة_أو_مرفوض
عينة لاكوست ال 12.12 بلانك او دو تواليت 1.2مل,16.0,"https://cdn.salla.sa/cdn-cgi/image/fit=scale-down,width=500,height=500,onerror=redirect,format=webp/dqYz/066e4a46-991d-4009-98ee-2725969e90f8-500x500-DjIeXo28bgHbi679UMFB7z0vI22pKDINxUomPNgt.jpg",https://mahally.com/products/1313514692/955547580/?queryID=c51b21dbe78a9f71fdbff8c0eced771b&position=728&index=products_v2_store_view,م فنيلا,م فنيلا.csv,749,عينة_أو_مرفوض
عينة كارولينا هيريرا قود غيرل ميدنايت او دو بارفيوم 1.5مل,6.0,"https://cdn.salla.sa/cdn-cgi/image/fit=scale-down,width=500,height=500,onerror=redirect,format=webp/dqYz/751b3b63-9535-4756-be9d-47866e55d12e-500x500-s9MRTRZwMKyqh4nob59nJpVtDMnxghXV7ZEiLG9S.jpg",https://mahally.com/products/1313514692/551921811/?queryID=c51b21dbe78a9f71fdbff8c0eced771b&position=750&index=products_v2_store_view,م فنيلا,م فنيلا.csv,771,عينة_أو_مرفوض
عينة جيمي شو اي ونت شو بارفيوم 10مل,89.0,"https://cdn.salla.sa/cdn-cgi/image/fit=scale-down,width=500,height=500,onerror=redirect,format=webp/dqYz/66884436-6118-45bd-91d2-18f8bf2f8877-500x500-umVKDc17TUP1ZV9a5slhJCbhIq3hrjLAh9xeJCmZ.jpg",https://mahally.com/products/1313514692/344978541/?queryID=c51b21dbe78a9f71fdbff8c0eced771b&position=752&index=products_v2_store_view,م فنيلا,م فنيلا.csv,773,عينة_أو_مرفوض
عينة موغلر الين جوديس او دو برفيوم 1.2مل,18.0,"https://cdn.salla.sa/cdn-cgi/image/fit=scale-down,width=500,height=500,onerror=redirect,format=webp/dqYz/d2fd552d-dfad-4723-91c9-d2f63b3700ea-500x500-khHh2aGG4ychjTtEmossDTKfsR7APs863VZEQliZ.jpg",https://mahally.com/products/1313514692/2001369440/?queryID=c51b21dbe78a9f71fdbff8c0eced771b&position=754&index=products_v2_store_view,م فنيلا,م فنيلا.csv,775,عينة_أو_مرفوض
عينة زيرجوف ستار مسك برفيوم 2مل,39.0,"https://cdn.salla.sa/cdn-cgi/image/fit=scale-down,width=500,height=500,onerror=redirect,format=webp/dqYz/b993bcdb-11ba-4ef0-a1ea-1f2d18d11a3e-500x500-pSF5SdzXX0yL3ZPx2INMq6jDrR8C5QZtC9xoa0q0.jpg",https://mahally.com/products/1313514692/1556575209/?queryID=c51b21dbe78a9f71fdbff8c0eced771b&position=780&index=products_v2_store_view,م فنيلا,م فنيلا.csv,801,عينة_أو_مرفوض
عينة ايلي صعب جيرل اوف ناو فوريفر او دو برفيوم 1مل,4.0,"https://cdn.salla.sa/cdn-cgi/image/fit=scale-down,width=500,height=500,onerror=redirect,format=webp/dqYz/0b784e3e-5d38-4f81-bbcf-8ddbb5b8131f-500x500-VZocXchmJC83khauKSpRokoPvwNzWXL0r5Rn5BQR.jpg",https://mahally.com/products/1313514692/1109777369/?queryID=c51b21dbe78a9f71fdbff8c0eced771b&position=790&index=products_v2_store_view,م فنيلا,م فنيلا.csv,811,عينة_أو_مرفوض
عينة نارسيسو رودريغز اول اوف مي انتنس او دو بارفيوم 0.6مل,9.0,"https://cdn.salla.sa/cdn-cgi/image/fit=scale-down,width=500,height=500,onerror=redirect,format=webp/dqYz/0e0272e7-8333-4b3b-ac89-0d8fdf29fc72-500x500-F6LxMZTyGp1UCZJHY9yOStMpGkvGPFXsXcB3LSuL.jpg",https://mahally.com/products/1313514692/2090682223/?queryID=c51b21dbe78a9f71fdbff8c0eced771b&position=791&index=products_v2_store_view,م فنيلا,م فنيلا.csv,812,عينة_أو_مرفوض
عينة ايف سان لوران بلاك اوبيوم او دو بارفيوم 3مل,27.0,"https://cdn.salla.sa/cdn-cgi/image/fit=scale-down,width=500,height=500,onerror=redirect,format=webp/dqYz/fc10eee8-e4a8-4a5b-aa6c-81d1c8fdec88-500x500-qKEFgvsixPWs4Yt2HrnuMxKRB7WKsuO8HyYkgok1.jpg",https://mahally.com/products/1313514692/1235887252/?queryID=4b6853229b6c85f4690eee7c10a1fbd6&position=810&index=products_v2_store_view,م فنيلا,م فنيلا.csv,831,عينة_أو_مرفوض
عينة فيكتور اند رولف فلاور بومب اكستريم او دو برفيوم انتنس 1.2مل,9.0,"https://cdn.salla.sa/cdn-cgi/image/fit=scale-down,width=500,height=500,onerror=redirect,format=webp/dqYz/65e5c59c-835d-412b-95bb-f1b86c9e34b6-500x500-Fr3Ri7eOtBPiowoda6HYg0gILlOITJgl4aBiEaeD.jpg",https://mahally.com/products/1313514692/888453861/?queryID=4b6853229b6c85f4690eee7c10a1fbd6&position=811&index=products_v2_store_view,م فنيلا,م فنيلا.csv,832,عينة_أو_مرفوض
عينة زيرجوف لاتوسكا او دو برفيوم 2مل,28.0,"https://cdn.salla.sa/cdn-cgi/image/fit=scale-down,width=500,height=500,onerror=redirect,format=webp/dqYz/23c4a537-9309-458f-88cb-9d6dfaa9a4a0-500x500-oiq8I8GL8t6ZOvWFwdSE5UQDppL8kwTH9r17bZqF.jpg",https://mahally.com/products/1313514692/867914725/?queryID=4b6853229b6c85f4690eee7c10a1fbd6&position=812&index=products_v2_store_view,م فنيلا,م فنيلا.csv,833,عينة_أو_مرفوض
عينة ايسينشيال بيرفيوم ذا مسك او دو برفيوم 2مل,27.0,"https://cdn.salla.sa/cdn-cgi/image/fit=scale-down,width=500,height=500,onerror=redirect,format=webp/dqYz/1KJ2JKfoGk9ZPPRBDAeQeo9VRI8rDTWa0TeeZhwM.png",https://mahally.com/products/1313514692/1309802502/?queryID=4b6853229b6c85f4690eee7c10a1fbd6&position=851&index=products_v2_store_view,م فنيلا,م فنيلا.csv,872,عينة_أو_مرفوض
عينة لانكوم ابسولو عود بوكيه او دو برفيوم 2مل,39.0,"https://cdn.salla.sa/cdn-cgi/image/fit=scale-down,width=500,height=500,onerror=redirect,format=webp/dqYz/50a692c6-c730-4909-a60e-b9e4cc5b6656-500x500-k53TlqAHsd2HliqGfFQxaPbcTIhkhYW989C604au.jpg",https://mahally.com/products/1313514692/1535341723/?queryID=4b6853229b6c85f4690eee7c10a1fbd6&position=853&index=products_v2_store_view,م فنيلا,م فنيلا.csv,874,عينة_أو_مرفوض
عينة ميمو باريس مارفا او دو برفيوم 1.5مل,29.0,"https://cdn.salla.sa/cdn-cgi/image/fit=scale-down,width=500,height=500,onerror=redirect,format=webp/dqYz/d186eef1-3258-4deb-8261-5e0ca7838331-500x500-2n7tn7mmXdPWMIsS8aicLtEjW1B5fZOnCYmX4l3L.jpg",https://mahally.com/products/1313514692/1904072637/?queryID=4b6853229b6c85f4690eee7c10a1fbd6&position=864&index=products_v2_store_view,م فنيلا,م فنيلا.csv,885,عينة_أو_مرفوض
عينة زيرجوف جران باللو او دو برفيوم 2مل,36.0,"https://cdn.salla.sa/cdn-cgi/image/fit=scale-down,width=500,height=500,onerror=redirect,format=webp/dqYz/be7f9d5e-d40b-4b79-a113-bfbb3830318a-500x500-76caoZnp6Y1B5n2XXOUz68oKAEI25YegqcWpmBcD.jpg",https://mahally.com/products/1313514692/73452606/?queryID=4b6853229b6c85f4690eee7c10a1fbd6&position=889&index=products_v2_store_view,م فنيلا,م فنيلا.csv,910,عينة_أو_مرفوض
عينة بربري قولد برفيوم 1.5مل,12.0,"https://cdn.salla.sa/cdn-cgi/image/fit=scale-down,width=500,height=500,onerror=redirect,format=webp/dqYz/45302404-6987-4b1c-ab5a-f3760033b91c-500x500-lAvsF1gWlsrzz12QFIxJmnyevQvefCuLcTRhJpLw.jpg",https://mahally.com/products/1313514692/1675242492/?queryID=4b6853229b6c85f4690eee7c10a1fbd6&position=893&index=products_v2_store_view,م فنيلا,م فنيلا.csv,914,عينة_أو_مرفوض
عينة ايسينشيال بيرفيوم أورانج X سانتال أو دو بارفيوم 2 مل,13.0,"https://cdn.salla.sa/cdn-cgi/image/fit=scale-down,width=500,height=500,onerror=redirect,format=webp/dqYz/SMNYgUqc9HW9QdCfCmxrgPIsqo7S8XXl9g6elPIT.png",https://mahally.com/products/1313514692/278263787/?queryID=a5c56338cc7bf924479d76b3ce263bde&position=905&index=products_v2_store_view,م فنيلا,م فنيلا.csv,926,عينة_أو_مرفوض
عينة مايكل كورس واندرلاست او دو برفيوم 1مل,9.0,"https://cdn.salla.sa/cdn-cgi/image/fit=scale-down,width=500,height=500,onerror=redirect,format=webp/dqYz/cbe70088-136f-4181-9364-087f9ca669ee-500x500-I0cPLgvlWiLWdIhLahuhnJBmKVnZjoURk8r54EDu.jpg",https://mahally.com/products/1313514692/1119742117/?queryID=a5c56338cc7bf924479d76b3ce263bde&position=953&index=products_v2_store_view,م فنيلا,م فنيلا.csv,974,عينة_أو_مرفوض
عينة لاكوست بور فيم او دو برفيوم 2مل,19.0,"https://cdn.salla.sa/cdn-cgi/image/fit=scale-down,width=500,height=500,onerror=redirect,format=webp/dqYz/4da9acd5-9c6a-4d94-a828-0ad7a6a8ede3-500x500-ganvs8I8dDqhEHj73lyJ2ktf8NJuJATUvmIqVKz1.jpg",https://mahally.com/products/1313514692/1961297735/?queryID=a5c56338cc7bf924479d76b3ce263bde&position=962&index=products_v2_store_view,م فنيلا,م فنيلا.csv,983,عينة_أو_مرفوض
عينة قوتشي عود انتنس او دو برفيوم 2مل,29.0,"https://cdn.salla.sa/cdn-cgi/image/fit=scale-down,width=500,height=500,onerror=redirect,format=webp/dqYz/9fca4d6b-c519-4cb0-8378-b800ec143528-500x500-BMx9GQTAC4cEaeGK4rW5v6PQmZkcbhMQ92jTvOTI.jpg",https://mahally.com/products/1313514692/1789798990/?queryID=a5c56338cc7bf924479d76b3ce263bde&position=969&index=products_v2_store_view,م فنيلا,م فنيلا.csv,990,عينة_أو_مرفوض
عينة بربري جولد او دو بارفيوم انتنس 1.5مل,7.0,"https://cdn.salla.sa/cdn-cgi/image/fit=scale-down,width=500,height=500,onerror=redirect,format=webp/dqYz/6e975230-6622-480a-a63f-adcd5185934d-500x500-XTYTUatEqJwDqbLkQeTQNHK8uTFtKCYkX1WSdf5d.jpg",https://mahally.com/products/1313514692/549464518/?queryID=a5c56338cc7bf924479d76b3ce263bde&position=970&index=products_v2_store_view,م فنيلا,م فنيلا.csv,991,عينة_أو_مرفوض
عينة ايلي صعب لو بارفوم برايدل او دو برفيوم 1.5مل,12.0,"https://cdn.salla.sa/cdn-cgi/image/fit=scale-down,width=500,height=500,onerror=redirect,format=webp/dqYz/c54c111e-775c-4694-a40a-2e5ad132628b-471.71052631579x500-TmIXz3GdioE5SsncqLqhVHif2n8iFp29bgDu8a01.jpg",https://mahally.com/products/1313514692/2072863821/?queryID=a5c56338cc7bf924479d76b3ce263bde&position=983&index=products_v2_store_view,م فنيلا,م فنيلا.csv,1004,عينة_أو_مرفوض
عينة جيفنشي لا انترديت او دو بارفيوم 12.5مل,85.0,"https://cdn.salla.sa/cdn-cgi/image/fit=scale-down,width=500,height=500,onerror=redirect,format=webp/dqYz/124f412e-5795-4ee2-94e0-536bd592621e-500x500-HyUjnQeniNje2VUU5YRHnXF0EsLx0bNR8OK3oOn9.jpg",https://mahally.com/products/1313514692/1023382517/?queryID=a5c56338cc7bf924479d76b3ce263bde&position=984&index=products_v2_store_view,م فنيلا,م فنيلا.csv,1005,عينة_أو_مرفوض
عينة مايسون كريفلي هايبسكس 5مل,143.0,"https://cdn.salla.sa/cdn-cgi/image/fit=scale-down,width=500,height=500,onerror=redirect,format=webp/WEYON/4f5dc395-f55b-468b-8ebc-c469895761c8-500x500-DaUeIvIzHhfmWxFhypXww8j1DVG5mVRqKw4yGMKJ.jpg",https://mahally.com/products/1891860617/1010878252/?queryID=de9e7e815028bc237d4018144d6c7e50&position=5&index=products_v2_store_view,م عالم جيفنشي,م عالم جيفنشي.csv,4,عينة_أو_مرفوض
عينة امواج Dia النسائي او دو بارفيوم 2مل,23.0,"https://cdn.salla.sa/cdn-cgi/image/fit=scale-down,width=500,height=500,onerror=redirect,format=webp/WEYON/44dc8434-0332-443a-ac79-079d4070fced-500x500-1iyq1DSgbsKnftPB0WygYnDL5NWF6BdwmMgL2sUj.jpg",https://mahally.com/products/1891860617/1550465381/?queryID=de9e7e815028bc237d4018144d6c7e50&position=35&index=products_v2_store_view,م عالم جيفنشي,م عالم جيفنشي.csv,34,عينة_أو_مرفوض
عينة برادا عطر بارادايم او دو بارفان 1.2 مل ميني,9.0,"https://cdn.salla.sa/cdn-cgi/image/fit=scale-down,width=500,height=500,onerror=redirect,format=webp/WEYON/9bc69ce3-0aae-4717-aabd-27c4edbe640e-500x500-FW7W6HrIVSpIAkjdu3rMLxFs8WYq4wOJLUUBZyhv.jpg",https://mahally.com/products/1891860617/1943709853/?queryID=de9e7e815028bc237d4018144d6c7e50&position=39&index=products_v2_store_view,م عالم جيفنشي,م عالم جيفنشي.csv,38,عينة_أو_مرفوض
عينة شانيل بلو بارفيوم الاصدار المركز 1.5مل,23.0,"https://cdn.salla.sa/cdn-cgi/image/fit=scale-down,width=500,height=500,onerror=redirect,format=webp/WEYON/3348dc35-81ef-470e-9cd9-002d63b7850c-500x498.46625766871-VtD5lYMWk3qLiqZaotFhwgXhXnur1SoAbFunH2pu.jpg",https://mahally.com/products/1891860617/962650201/?queryID=de9e7e815028bc237d4018144d6c7e50&position=60&index=products_v2_store_view,م عالم جيفنشي,م عالم جيفنشي.csv,59,عينة_أو_مرفوض
عينة عطر سوسبيرو إل بادرين و او دو برفيوم 2ملي,51.0,"https://cdn.salla.sa/cdn-cgi/image/fit=scale-down,width=500,height=500,onerror=redirect,format=webp/WEYON/8f169974-941e-4fe7-a9a9-fac6004fe692-497.171145686x500-q5LT49Hfuo2OlyFwQMpUu2hY3oVDNZ27OQ9rNtl5.jpg",https://mahally.com/products/1891860617/893904012/?queryID=de9e7e815028bc237d4018144d6c7e50&position=80&index=products_v2_store_view,م عالم جيفنشي,م عالم جيفنشي.csv,79,عينة_أو_مرفوض
عينة ميمو ايتاليان ليذر للجنسين 1.5 مل,17.0,"https://cdn.salla.sa/cdn-cgi/image/fit=scale-down,width=500,height=500,onerror=redirect,format=webp/WEYON/206b7f5d-2aa6-442d-ac5a-83fe51eecd90-500x500-qJYrC3cuZH36OkZzrR5vc2gnIXSWpxH6uiQrRmVv.jpg",https://mahally.com/products/1891860617/1071703977/?queryID=de9e7e815028bc237d4018144d6c7e50&position=88&index=products_v2_store_view,م عالم جيفنشي,م عالم جيفنشي.csv,87,عينة_أو_مرفوض
عينة ديور مس ديور بلومينغ بوكيه او دو تواليت 1مل,11.0,"https://cdn.salla.sa/cdn-cgi/image/fit=scale-down,width=500,height=500,onerror=redirect,format=webp/WEYON/699d878b-3907-431f-b01a-443bb5ba9a26-500x500-5oAD2LyQZiDk7UY66FEkcdkTLm7t7jNPG92wRYif.jpg",https://mahally.com/products/1891860617/1885689693/?queryID=de9e7e815028bc237d4018144d6c7e50&position=90&index=products_v2_store_view,م عالم جيفنشي,م عالم جيفنشي.csv,89,عينة_أو_مرفوض
عينة برادا عطر بارادايم او دو بارفان 1.2 مل ميني,9.0,"https://cdn.salla.sa/cdn-cgi/image/fit=scale-down,width=500,height=500,onerror=redirect,format=webp/WEYON/9bc69ce3-0aae-4717-aabd-27c4edbe640e-500x500-FW7W6HrIVSpIAkjdu3rMLxFs8WYq4wOJLUUBZyhv.jpg",https://mahally.com/products/1891860617/1943709853/?queryID=de9e7e815028bc237d4018144d6c7e50&position=39&index=products_v2_store_view,م عالم جيفنشي,م عالم جيفنشي.csv,103,عينة_أو_مرفوض
عينة عطر بولغاري لو جيم اوروم او دو بارفيوم 8مل للرجال,92.0,"https://cdn.salla.sa/cdn-cgi/image/fit=scale-down,width=500,height=500,onerror=redirect,format=webp/WEYON/adMsRt7EDLNQnpEdBtqMjiTUuXnI40GDXve7GbIz.jpg",https://mahally.com/products/1891860617/690975578/?queryID=3e8cad836b1c6b82ebea58cfef19afd0&position=154&index=products_v2_store_view,م عالم جيفنشي,م عالم جيفنشي.csv,167,عينة_أو_مرفوض
عينة بولغاري لو جيم اونيخ او دو بارفيوم 1.5م,14.0,"https://cdn.salla.sa/cdn-cgi/image/fit=scale-down,width=500,height=500,onerror=redirect,format=webp/WEYON/eff7cbe9-3520-4bf2-905e-64eebf6c1240-500x281.25-QAOXkXaIKWD1cOUCfwUUMIsumsJsRZgCUutHKs6j.jpg",https://mahally.com/products/1891860617/236125045/?queryID=3e8cad836b1c6b82ebea58cfef19afd0&position=155&index=products_v2_store_view,م عالم جيفنشي,م عالم جيفنشي.csv,168,عينة_أو_مرفوض
عينة ميمو مارفا او دو بارفيوم 5مل (بخاخ),40.0,"https://cdn.salla.sa/cdn-cgi/image/fit=scale-down,width=500,height=500,onerror=redirect,format=webp/WEYON/af082a33-677a-402f-8b95-dd30dc441989-500x453-NniHhKU9JmSuoILCyymRkiFHAIqUtGzv9DpNyvrC.jpg",https://mahally.com/products/1891860617/1152722792/?queryID=3e8cad836b1c6b82ebea58cfef19afd0&position=159&index=products_v2_store_view,م عالم جيفنشي,م عالم جيفنشي.csv,172,عينة_أو_مرفوض
عينة عطر بربري هير برفيوم انتنس 5مل,28.0,"https://cdn.salla.sa/cdn-cgi/image/fit=scale-down,width=500,height=500,onerror=redirect,format=webp/WEYON/0018713b-00c8-4c7f-a783-ef457b33ace8-500x500-JPiLUDa6NXYxHcMe7MESqpmaSBwYQFDqUQTOjIV1.jpg",https://mahally.com/products/1891860617/1631433979/?queryID=3e8cad836b1c6b82ebea58cfef19afd0&position=184&index=products_v2_store_view,م عالم جيفنشي,م عالم جيفنشي.csv,197,عينة_أو_مرفوض
عينة مارلي الثائر او دو بارفيوم 1.5مل,23.0,"https://cdn.salla.sa/cdn-cgi/image/fit=scale-down,width=500,height=500,onerror=redirect,format=webp/WEYON/ea13c53f-401d-4f50-8688-400a9dff0f41-500x471-1plahy39xViqiJ3H6CDRrXIMULfPofNsyI9WG1pN.jpg",https://mahally.com/products/1891860617/1089046656/?queryID=3e8cad836b1c6b82ebea58cfef19afd0&position=195&index=products_v2_store_view,م عالم جيفنشي,م عالم جيفنشي.csv,208,عينة_أو_مرفوض
عينة ارماني سترونجر ويذ يو توباكو او دو بارفيوم 15مل (بخاخ),103.0,"https://cdn.salla.sa/cdn-cgi/image/fit=scale-down,width=500,height=500,onerror=redirect,format=webp/WEYON/eff74589-4700-4f13-a5b3-cc2b9e3b6b58-500x500-d2eMGiZMITLO9hucxGRnFNSHfDeORtdhOvTLe0Rt.jpg",https://mahally.com/products/1891860617/45299908/?queryID=aeb3fa70e60f185448d546a3c6aa42f8&position=221&index=products_v2_store_view,م عالم جيفنشي,م عالم جيفنشي.csv,234,عينة_أو_مرفوض
عينة ثمين نور العين طايف او دو بارفيوم 10مل (بخاخ),138.0,"https://cdn.salla.sa/cdn-cgi/image/fit=scale-down,width=500,height=500,onerror=redirect,format=webp/WEYON/c19f6507-9d4c-4c90-8fd4-4c5cb63f323a-500x500-XNdiD37UKGwN1ZO23hwd4qkRBNR347n4T8t3IHA7.jpg",https://mahally.com/products/1891860617/1868020329/?queryID=aeb3fa70e60f185448d546a3c6aa42f8&position=240&index=products_v2_store_view,م عالم جيفنشي,م عالم جيفنشي.csv,253,عينة_أو_مرفوض
عينة عطر هوجو بوس ذا كوليكشن كونفيدنت عود للرجال أو دو برفيوم إنتنس قوارير 1.5مل,11.0,"https://cdn.salla.sa/cdn-cgi/image/fit=scale-down,width=500,height=500,onerror=redirect,format=webp/WEYON/78ea609f-fd7c-4e9b-9a78-070baf43e38e-500x500-CmGtQoVnaXtwJNsps9GM5LT9hvhEwhqgYeKEkMN9.jpg",https://mahally.com/products/1891860617/1343386131/?queryID=aeb3fa70e60f185448d546a3c6aa42f8&position=241&index=products_v2_store_view,م عالم جيفنشي,م عالم جيفنشي.csv,254,عينة_أو_مرفوض
عينة قوتشي فلورا جورجس جاردينيا إنتنس 5مل,28.0,"https://cdn.salla.sa/cdn-cgi/image/fit=scale-down,width=500,height=500,onerror=redirect,format=webp/WEYON/624836a4-8d12-420e-91de-6e7a7cc75760-500x500-L4otSbEsFQ4GCdSs1mIHhgpZsT5zjzLe0DOVkpac.jpg",https://mahally.com/products/1891860617/15449905/?queryID=aeb3fa70e60f185448d546a3c6aa42f8&position=244&index=products_v2_store_view,م عالم جيفنشي,م عالم جيفنشي.csv,257,عينة_أو_مرفوض
عينة عطر برادا فيج إنفيوجن أو دو بارفان 7.5 مل,28.0,"https://cdn.salla.sa/cdn-cgi/image/fit=scale-down,width=500,height=500,onerror=redirect,format=webp/WEYON/4f42cf97-a95b-41be-b60e-8bda4d6e8310-500x500-dL5wtfPqwoIdmwzw8d1oyE0wTAGSD99lRSpaO7C7.jpg",https://mahally.com/products/1891860617/1554105411/?queryID=aeb3fa70e60f185448d546a3c6aa42f8&position=245&index=products_v2_store_view,م عالم جيفنشي,م عالم جيفنشي.csv,258,عينة_أو_مرفوض
عينة زيرجوف الاسكندرية II بارفيوم 2مل,23.0,"https://cdn.salla.sa/cdn-cgi/image/fit=scale-down,width=500,height=500,onerror=redirect,format=webp/WEYON/f77037eb-1cdd-4102-88e7-e9e245f8c490-500x500-bE6gHDJcWJR6JdOGc344XK2KoK8ykE9ex5HtHqCJ.jpg",https://mahally.com/products/1891860617/945332981/?queryID=aeb3fa70e60f185448d546a3c6aa42f8&position=249&index=products_v2_store_view,م عالم جيفنشي,م عالم جيفنشي.csv,262,عينة_أو_مرفوض
عينة امواج جايدانس او دو بارفيوم 2مل,23.0,"https://cdn.salla.sa/cdn-cgi/image/fit=scale-down,width=500,height=500,onerror=redirect,format=webp/WEYON/13e45234-db73-4526-82b0-4ea901d40e1c-500x500-lHmjOgxHx3s1jrQEx1VBzPYAzyleZbVFnq7KR9yi.jpg",https://mahally.com/products/1891860617/87736054/?queryID=aeb3fa70e60f185448d546a3c6aa42f8&position=250&index=products_v2_store_view,م عالم جيفنشي,م عالم جيفنشي.csv,263,عينة_أو_مرفوض
عينة ديور باربل عود او دو بارفيوم 2مل,23.0,"https://cdn.salla.sa/cdn-cgi/image/fit=scale-down,width=500,height=500,onerror=redirect,format=webp/WEYON/410a28ea-9bf7-461a-b8e0-416b223a4a53-500x500-ylDPh4dxHOLfPvCfT5nNKdl5EkiSVznSFo8vjU9k.jpg",https://mahally.com/products/1891860617/843574403/?queryID=aeb3fa70e60f185448d546a3c6aa42f8&position=264&index=products_v2_store_view,م عالم جيفنشي,م عالم جيفنشي.csv,277,عينة_أو_مرفوض
عينة شانيل غابريل ايسنس او دو بارفيوم - 1.5مل,23.0,"https://cdn.salla.sa/cdn-cgi/image/fit=scale-down,width=500,height=500,onerror=redirect,format=webp/WEYON/7bf62965-ca3c-49bd-b06e-d6a9bc66c0c1-500x500-MCs3KygwfLmzYwO1P1uDFcZ5RJcWFZbQxKt326jw.jpg",https://mahally.com/products/1891860617/185076006/?queryID=aeb3fa70e60f185448d546a3c6aa42f8&position=265&index=products_v2_store_view,م عالم جيفنشي,م عالم جيفنشي.csv,278,عينة_أو_مرفوض
عينة أمواج إنكلاف 2 مل,23.0,"https://cdn.salla.sa/cdn-cgi/image/fit=scale-down,width=500,height=500,onerror=redirect,format=webp/WEYON/ca6f1329-e279-48f1-a614-59c5e78f26e7-281.25x500-2sK5XqVuvvbdYn70EbWfnvolbf4Hea7d8YkEba9J.jpg",https://mahally.com/products/1891860617/1448006633/?queryID=aeb3fa70e60f185448d546a3c6aa42f8&position=266&index=products_v2_store_view,م عالم جيفنشي,م عالم جيفنشي.csv,279,عينة_أو_مرفوض
عينة ثمين انسجنا او دو بارفيوم 10مل (بخاخ),138.0,"https://cdn.salla.sa/cdn-cgi/image/fit=scale-down,width=500,height=500,onerror=redirect,format=webp/WEYON/330d0206-3743-4f59-b261-f0dd1aae7bfd-500x500-jKvWdZIZnkZAFvUltwStmUduCyvxvM1ovvKzm8Zn.jpg",https://mahally.com/products/1891860617/505164300/?queryID=aeb3fa70e60f185448d546a3c6aa42f8&position=270&index=products_v2_store_view,م عالم جيفنشي,م عالم جيفنشي.csv,283,عينة_أو_مرفوض
عينة عطر فرينش ليذر 1.5مل,17.0,"https://cdn.salla.sa/cdn-cgi/image/fit=scale-down,width=500,height=500,onerror=redirect,format=webp/WEYON/e0754e0e-77a8-4984-9c67-56541d2aeba5-500x500-4Bc9yStdQInjdyy5UkPxxhFaSZQzses08mG4UYOy.jpg",https://mahally.com/products/1891860617/152856833/?queryID=aeb3fa70e60f185448d546a3c6aa42f8&position=279&index=products_v2_store_view,م عالم جيفنشي,م عالم جيفنشي.csv,292,عينة_أو_مرفوض
عينة عطر نسائي بربري قولد او دو برفيوم انتنس 1.5 ML,8.0,"https://cdn.salla.sa/cdn-cgi/image/fit=scale-down,width=500,height=500,onerror=redirect,format=webp/WEYON/c3b4a697-8f9d-46d3-9bf3-16ad1afd596c-500x500-TQaZI8RqoKiGjOb0MNWFooepMcYx4a2i8IsKRjTq.jpg",https://mahally.com/products/1891860617/1379492624/?queryID=aeb3fa70e60f185448d546a3c6aa42f8&position=282&index=products_v2_store_view,م عالم جيفنشي,م عالم جيفنشي.csv,295,عينة_أو_مرفوض
عينة شانيل بيج النسائي او دو بارفيوم 1.5مل,23.0,"https://cdn.salla.sa/cdn-cgi/image/fit=scale-down,width=500,height=500,onerror=redirect,format=webp/WEYON/a8fae8f3-e8ff-4c6b-89c5-d0388799e61d-500x374.5-bhv734hCrP287cpHE450FcYBp0mdoM7oZpEOzEZm.jpg",https://mahally.com/products/1891860617/1777889570/?queryID=aeb3fa70e60f185448d546a3c6aa42f8&position=294&index=products_v2_store_view,م عالم جيفنشي,م عالم جيفنشي.csv,307,عينة_أو_مرفوض
عينة عطر قوتشي غيلتي لوف اديشن بيور هوم 1.5مل,9.0,"https://cdn.salla.sa/cdn-cgi/image/fit=scale-down,width=500,height=500,onerror=redirect,format=webp/WEYON/3cf5f78d-9f03-4cd5-b81c-2904251b5644-500x500-W78Yxjics1Cu5cBWKV1aeVtp5abngCanCTbGJVfu.jpg",https://mahally.com/products/1891860617/138261357/?queryID=60f42d00808d649ee642bbfc4e118b30&position=301&index=products_v2_store_view,م عالم جيفنشي,م عالم جيفنشي.csv,314,عينة_أو_مرفوض
عينة بخاخ عطر ميمو باريس فلام -1.5 مل,17.0,"https://cdn.salla.sa/cdn-cgi/image/fit=scale-down,width=500,height=500,onerror=redirect,format=webp/WEYON/ccd603d4-bf4a-45ae-bcc8-f33006e08fe2-500x500-7pSV5dpYIdaZGeoQZlfGrj5MCR0mtq7DmK01Zo8A.jpg",https://mahally.com/products/1891860617/1745823644/?queryID=60f42d00808d649ee642bbfc4e118b30&position=302&index=products_v2_store_view,م عالم جيفنشي,م عالم جيفنشي.csv,315,عينة_أو_مرفوض
عينة هوغو بوس ذا كوليكشن اليجنت فيتفير او دو بارفيوم 1.5مل,11.0,"https://cdn.salla.sa/cdn-cgi/image/fit=scale-down,width=500,height=500,onerror=redirect,format=webp/WEYON/5ff437ad-e51e-4b28-b06f-5a3d934295cb-458x500-kQNa3QO6afsPhtM8wdydVzUGcCEHbQgvg9qiyKc0.jpg",https://mahally.com/products/1891860617/881821722/?queryID=60f42d00808d649ee642bbfc4e118b30&position=303&index=products_v2_store_view,م عالم جيفنشي,م عالم جيفنشي.csv,316,عينة_أو_مرفوض
عينة شانيل لو لايون او دو بارفيوم - 1.5مل,23.0,"https://cdn.salla.sa/cdn-cgi/image/fit=scale-down,width=500,height=500,onerror=redirect,format=webp/WEYON/474176c0-d1ac-40a7-805e-0e057cf5465f-500x500-5rkfudeLcq3zrhfnaoTixt1s8xdXIG8CWkHoGzPr.jpg",https://mahally.com/products/1891860617/1750998412/?queryID=60f42d00808d649ee642bbfc4e118b30&position=304&index=products_v2_store_view,م عالم جيفنشي,م عالم جيفنشي.csv,317,عينة_أو_مرفوض
عينة دولتشي آند غابانا ذا ون بور أوم 5مل,28.0,"https://cdn.salla.sa/cdn-cgi/image/fit=scale-down,width=500,height=500,onerror=redirect,format=webp/WEYON/732040f7-070c-49df-88fa-be768a3388b9-500x425.625-zBinpJGqpHAQ6ZlI5FWEQ90gbHGmruoJqBlOuuTi.jpg",https://mahally.com/products/1891860617/1010533327/?queryID=60f42d00808d649ee642bbfc4e118b30&position=305&index=products_v2_store_view,م عالم جيفنشي,م عالم جيفنشي.csv,318,عينة_أو_مرفوض
عينة ديور هوم بارفيوم اصدار 2025 مل1,17.0,"https://cdn.salla.sa/cdn-cgi/image/fit=scale-down,width=500,height=500,onerror=redirect,format=webp/WEYON/1fb83bac-5175-4c92-b95b-b09d19d21906-500x486.5-TMkPA96QSj6WFZkyOtZs58NWAMW8kziwzb3ZdiJk.jpg",https://mahally.com/products/1891860617/751811239/?queryID=60f42d00808d649ee642bbfc4e118b30&position=306&index=products_v2_store_view,م عالم جيفنشي,م عالم جيفنشي.csv,319,عينة_أو_مرفوض
عينة عطر ميمو اينفيرنس او دو بارفيوم 1.5مل,17.0,"https://cdn.salla.sa/cdn-cgi/image/fit=scale-down,width=500,height=500,onerror=redirect,format=webp/WEYON/804cc119-7c41-4daf-b5a4-4389841a0a85-500x500-uGGhEAgCrFbhJnm4KXOX9ETjLGLUvNIN0jPFqll7.jpg",https://mahally.com/products/1891860617/598733508/?queryID=60f42d00808d649ee642bbfc4e118b30&position=307&index=products_v2_store_view,م عالم جيفنشي,م عالم جيفنشي.csv,320,عينة_أو_مرفوض
عينة ميمو باريس مارفا او دو برفيوم 1.5مل,17.0,"https://cdn.salla.sa/cdn-cgi/image/fit=scale-down,width=500,height=500,onerror=redirect,format=webp/WEYON/f4dbab62-2619-43fd-8863-ec64836073cf-500x500-sS3BbFYCVBrSrX75A9J9hw9VFXqkGabpOHRmSGUF.jpg",https://mahally.com/products/1891860617/235950715/?queryID=60f42d00808d649ee642bbfc4e118b30&position=308&index=products_v2_store_view,م عالم جيفنشي,م عالم جيفنشي.csv,321,عينة_أو_مرفوض
عينة عطر هوغو بوس ذا سينت للرجال 5 مل,23.0,"https://cdn.salla.sa/cdn-cgi/image/fit=scale-down,width=500,height=500,onerror=redirect,format=webp/WEYON/1d56fc2e-879a-400e-841c-77810d502f58-500x500-6bA5iKOxE66wcwL0IE9UJJHMu3ZzrdMa0N974zSo.jpg",https://mahally.com/products/1891860617/96108773/?queryID=60f42d00808d649ee642bbfc4e118b30&position=309&index=products_v2_store_view,م عالم جيفنشي,م عالم جيفنشي.csv,322,عينة_أو_مرفوض
عينة ميمو مادوراي - 1.5مل,17.0,"https://cdn.salla.sa/cdn-cgi/image/fit=scale-down,width=500,height=500,onerror=redirect,format=webp/WEYON/f468c9ac-4b59-4e6c-bee9-70e37a964a68-500x500-Eqy5QeywuGghuWYu7sWKqdZm5M9tGCUUChmLqzWu.jpg",https://mahally.com/products/1891860617/981724543/?queryID=60f42d00808d649ee642bbfc4e118b30&position=319&index=products_v2_store_view,م عالم جيفنشي,م عالم جيفنشي.csv,332,عينة_أو_مرفوض
عينة شانيل 1957 أو دو برفيوم-1.5مل,23.0,"https://cdn.salla.sa/cdn-cgi/image/fit=scale-down,width=500,height=500,onerror=redirect,format=webp/WEYON/89218c8f-f707-4019-bd9d-93573c7412e8-500x500-TrfK7biC5k01ALTUkr5c6CQxadPeG67ehZSOQlDB.jpg",https://mahally.com/products/1891860617/1828949885/?queryID=60f42d00808d649ee642bbfc4e118b30&position=331&index=products_v2_store_view,م عالم جيفنشي,م عالم جيفنشي.csv,344,عينة_أو_مرفوض
عينة عطر ديور لاكي إسبريت دي بارفوم 1.2 مل,23.0,"https://cdn.salla.sa/cdn-cgi/image/fit=scale-down,width=500,height=500,onerror=redirect,format=webp/WEYON/cecf40b6-3313-46e8-b54d-44e25a56945c-500x500-F6A27rnN8jdmpRlDXjJV8j6EpSq8NkXh3jwJO68L.jpg",https://mahally.com/products/1891860617/1620860699/?queryID=60f42d00808d649ee642bbfc4e118b30&position=355&index=products_v2_store_view,م عالم جيفنشي,م عالم جيفنشي.csv,368,عينة_أو_مرفوض
عينة مارلي بيرسيفال او دو بارفيوم 1.5مل,23.0,"https://cdn.salla.sa/cdn-cgi/image/fit=scale-down,width=500,height=500,onerror=redirect,format=webp/WEYON/6aa43da5-4fcc-4b60-b092-407668d16c93-500x500-y4DwZumeJYNGhDWGR4hwfzUjIyUylmQE0VdZoMYA.jpg",https://mahally.com/products/1891860617/1207142099/?queryID=60f42d00808d649ee642bbfc4e118b30&position=383&index=products_v2_store_view,م عالم جيفنشي,م عالم جيفنشي.csv,396,عينة_أو_مرفوض
عينة ماء عطر بارفيومز دي مارلي ميليورا 1.5 مل,23.0,"https://cdn.salla.sa/cdn-cgi/image/fit=scale-down,width=500,height=500,onerror=redirect,format=webp/WEYON/4b4eacbb-6cdb-4a5d-8bea-6e1879f3e40e-500x500-ucqd6LhIjytEyKbpl1vyCcN3B7pXWz4bmAHiWYAK.jpg",https://mahally.com/products/1891860617/717233367/?queryID=60f42d00808d649ee642bbfc4e118b30&position=386&index=products_v2_store_view,م عالم جيفنشي,م عالم جيفنشي.csv,399,عينة_أو_مرفوض
عينة هوغو بوس ذا كوليكشن انيرجتيك فوجير او دو بارفيوم 1.5مل,11.0,"https://cdn.salla.sa/cdn-cgi/image/fit=scale-down,width=500,height=500,onerror=redirect,format=webp/WEYON/a9d20352-121c-44b9-b343-71b552bdd887-500x496.5-VtVrBMCcAuhBHe9gl04xzcdjUbsqUmhYuAYZcbFA.jpg",https://mahally.com/products/1891860617/651266171/?queryID=60f42d00808d649ee642bbfc4e118b30&position=387&index=products_v2_store_view,م عالم جيفنشي,م عالم جيفنشي.csv,400,عينة_أو_مرفوض
عينة هوغو بوس ذا كوليكشن ماجنتيك مسك او دو بارفيوم 1.5مل,11.0,"https://cdn.salla.sa/cdn-cgi/image/fit=scale-down,width=500,height=500,onerror=redirect,format=webp/WEYON/5724bd56-13ff-48c7-a0fe-1a4b9f9e33c3-465.5x500-K6yF2yztTjBWNFSysAPESIpAYkWp1OO9yP6YbYXx.jpg",https://mahally.com/products/1891860617/721958240/?queryID=60f42d00808d649ee642bbfc4e118b30&position=388&index=products_v2_store_view,م عالم جيفنشي,م عالم جيفنشي.csv,401,عينة_أو_مرفوض
عينة بولغاري مان ان بلاك او دو بارفيوم 15مل (بخاخ),57.0,"https://cdn.salla.sa/cdn-cgi/image/fit=scale-down,width=500,height=500,onerror=redirect,format=webp/WEYON/x7vou09vnmHxezBs2oesQ6xdEliXFoj0PkUcO8tK.jpg",https://mahally.com/products/1891860617/1678354895/?queryID=60f42d00808d649ee642bbfc4e118b30&position=389&index=products_v2_store_view,م عالم جيفنشي,م عالم جيفنشي.csv,402,عينة_أو_مرفوض
عينة هوغو بوس ذا كوليكشن بولد انسنس او دو بارفيوم 1.5مل,11.0,"https://cdn.salla.sa/cdn-cgi/image/fit=scale-down,width=500,height=500,onerror=redirect,format=webp/WEYON/5ed7e6bf-5f56-4e33-b8eb-63439ab15ce7-456.5x500-VXhILduimxpJTwoAgWDD1Q5jrNZTNBTzVb3CGXgb.jpg",https://mahally.com/products/1891860617/1292177587/?queryID=60f42d00808d649ee642bbfc4e118b30&position=390&index=products_v2_store_view,م عالم جيفنشي,م عالم جيفنشي.csv,403,عينة_أو_مرفوض
عينة هوغو بوس ذا كوليكشن فيجوروس كولجين او دو بارفيوم 1.5مل,11.0,"https://cdn.salla.sa/cdn-cgi/image/fit=scale-down,width=500,height=500,onerror=redirect,format=webp/WEYON/5d9b0fbd-2746-4cdf-9396-96761349d1c9-474x500-g7aNfZBxF89gDUtsVtvlC3BdDfedvOwEe6undb4H.jpg",https://mahally.com/products/1891860617/1281232627/?queryID=60f42d00808d649ee642bbfc4e118b30&position=391&index=products_v2_store_view,م عالم جيفنشي,م عالم جيفنشي.csv,404,عينة_أو_مرفوض
عينة هوغو بوس ذا كوليكشن دارينج سافينو او دو بارفيوم 1.5مل,11.0,"https://cdn.salla.sa/cdn-cgi/image/fit=scale-down,width=500,height=500,onerror=redirect,format=webp/WEYON/a2363fe1-c0b3-4ba1-ad1b-e1f05da87d71-500x487-cAhijtKfdxv5ERw339MCauQr3GI1tPVTRmC9IkCM.jpg",https://mahally.com/products/1891860617/1904334406/?queryID=60f42d00808d649ee642bbfc4e118b30&position=392&index=products_v2_store_view,م عالم جيفنشي,م عالم جيفنشي.csv,405,عينة_أو_مرفوض
عينة عطر ديور عود اصفهان 10مل (سكب ),113.0,"https://cdn.salla.sa/cdn-cgi/image/fit=scale-down,width=500,height=500,onerror=redirect,format=webp/WEYON/9326e787-f19d-4672-a924-351cf7e72e10-450x500-4Cd6UQVjJnGRB4mQEajzMHye8Ki0p4iJcQlfaXdj.jpg",https://mahally.com/products/1891860617/1137615422/?queryID=60f42d00808d649ee642bbfc4e118b30&position=396&index=products_v2_store_view,م عالم جيفنشي,م عالم جيفنشي.csv,409,عينة_أو_مرفوض
عينة شانيل جيرسي او دو بارفيوم 1.5مل,23.0,"https://cdn.salla.sa/cdn-cgi/image/fit=scale-down,width=500,height=500,onerror=redirect,format=webp/WEYON/885a5d87-b3ae-4b39-8e62-db10ef51af19-500x500-7TdWEawVUbpMTm2fhJJlB65aTZj6DIzcolXKLFcz.jpg",https://mahally.com/products/1891860617/731586643/?queryID=3e5a398652dfc8c62447b43cecc8a6bf&position=426&index=products_v2_store_view,م عالم جيفنشي,م عالم جيفنشي.csv,439,عينة_أو_مرفوض
عينة شانيل او دو كوليجن 1.5مل,23.0,"https://cdn.salla.sa/cdn-cgi/image/fit=scale-down,width=500,height=500,onerror=redirect,format=webp/WEYON/cebf1ec2-cefd-42bc-9d18-d8452744b9b3-351.5x500-CJcL8CWsCjGyqkiOdRjg6KMeWJ5QA8V6JVBiGCGp.jpg",https://mahally.com/products/1891860617/445826515/?queryID=3e5a398652dfc8c62447b43cecc8a6bf&position=427&index=products_v2_store_view,م عالم جيفنشي,م عالم جيفنشي.csv,440,عينة_أو_مرفوض
عينة ميمو افريكان ليذر او دو بارفيوم 1.5مل,17.0,"https://cdn.salla.sa/cdn-cgi/image/fit=scale-down,width=500,height=500,onerror=redirect,format=webp/WEYON/ce762c6b-032a-49cf-9a9b-fb213a00d343-479x500-vXlhx3WaT0fdQvsEd1qMNCARcwXaL4p4XEWXo3Ek.jpg",https://mahally.com/products/1891860617/30645961/?queryID=3e5a398652dfc8c62447b43cecc8a6bf&position=434&index=products_v2_store_view,م عالم جيفنشي,م عالم جيفنشي.csv,447,عينة_أو_مرفوض
عينة ميمو مارفا او دو بارفيوم 10مل,115.0,"https://cdn.salla.sa/cdn-cgi/image/fit=scale-down,width=500,height=500,onerror=redirect,format=webp/WEYON/f3TjMfjkAN4hQTw9JejOsBYgn61pgAmtP55an4EU.jpg",https://mahally.com/products/1891860617/66164726/?queryID=3e5a398652dfc8c62447b43cecc8a6bf&position=435&index=products_v2_store_view,م عالم جيفنشي,م عالم جيفنشي.csv,448,عينة_أو_مرفوض
عينة جيرلان أكوا أليجوريا: فلورا بلوم فورت 1ملي,17.0,"https://cdn.salla.sa/cdn-cgi/image/fit=scale-down,width=500,height=500,onerror=redirect,format=webp/WEYON/e2810efb-ccc0-4164-a40e-af4d744b9743-500x500-do6JidOudpxvkS7s68YCs0OQVh8udjqMRrUKMJ0G.jpg",https://mahally.com/products/1891860617/1694944887/?queryID=3e5a398652dfc8c62447b43cecc8a6bf&position=466&index=products_v2_store_view,م عالم جيفنشي,م عالم جيفنشي.csv,479,عينة_أو_مرفوض
عينة قوتشي جيلتي لاف ايديشن بور فيم او دي بارفيوم 1.5مل,9.0,"https://cdn.salla.sa/cdn-cgi/image/fit=scale-down,width=500,height=500,onerror=redirect,format=webp/WEYON/78d120da-5dda-4074-9f40-1ebc0f9fbbf8-500x500-Zm9Wr3zsINmPtjUVZ6ECnXj32xn15qiLR6HAAVZe.jpg",https://mahally.com/products/1891860617/607232862/?queryID=3e5a398652dfc8c62447b43cecc8a6bf&position=487&index=products_v2_store_view,م عالم جيفنشي,م عالم جيفنشي.csv,500,عينة_أو_مرفوض
عينة عطر جيرلان ابسولوس اليجوريا كوير انتنس او دو بارفان 7.5 مل ميني,46.0,"https://cdn.salla.sa/cdn-cgi/image/fit=scale-down,width=500,height=500,onerror=redirect,format=webp/WEYON/ccc64952-dd8c-44e1-a052-58d02ec92e9d-500x500-wJTY9jvea385s1nGnsAFTTBGWsQIwDJofnkh4g7n.jpg",https://mahally.com/products/1891860617/868960768/?queryID=3e5a398652dfc8c62447b43cecc8a6bf&position=489&index=products_v2_store_view,م عالم جيفنشي,م عالم جيفنشي.csv,502,عينة_أو_مرفوض
عينة أكوا دي جيو إليكسير من جورجيو أرماني للرجال 5مل,51.0,"https://cdn.salla.sa/cdn-cgi/image/fit=scale-down,width=500,height=500,onerror=redirect,format=webp/WEYON/05f3470e-a6d0-4eaa-9809-7ee0fc78cc51-443.359375x500-AfplcRnsA7yuUQFfBwDcAa08Luje13YG4nmUjsHe.jpg",https://mahally.com/products/1891860617/648658147/?queryID=2b52e327a9497f78de6d54a615657d7c&position=565&index=products_v2_store_view,م عالم جيفنشي,م عالم جيفنشي.csv,578,عينة_أو_مرفوض
عينة Bois Impérial (Bois Imperial) 2 مل,23.0,"https://cdn.salla.sa/cdn-cgi/image/fit=scale-down,width=500,height=500,onerror=redirect,format=webp/WEYON/0c0cd4e6-fd75-4df9-9bb0-262e087926df-500x500-Lr3w92u6759PqMywj9TDXb2uzdkPfdEbnaFWm7QG.jpg",https://mahally.com/products/1891860617/393337671/?queryID=2b52e327a9497f78de6d54a615657d7c&position=579&index=products_v2_store_view,م عالم جيفنشي,م عالم جيفنشي.csv,592,عينة_أو_مرفوض
عينة عطر فان كليف عنبر امبريال او دو بارفيوم -,11.0,"https://cdn.salla.sa/cdn-cgi/image/fit=scale-down,width=500,height=500,onerror=redirect,format=webp/WEYON/a25e54a6-91a2-478c-9a3e-28e40635fa0a-500x500-8SJAUHQZ2DAhiy0HnlK6ITSbo8YTafjriLv1CxIT.jpg",https://mahally.com/products/1891860617/1455756523/?queryID=2b52e327a9497f78de6d54a615657d7c&position=585&index=products_v2_store_view,م عالم جيفنشي,م عالم جيفنشي.csv,598,عينة_أو_مرفوض
Van Cleef & Arpels Coll Extraordinaire Bois D'amande Unisex Eau De Parfum 7.5ml Miniature,34.0,"https://cdn.salla.sa/cdn-cgi/image/fit=scale-down,width=500,height=500,onerror=redirect,format=webp/WEYON/4007b57d-36c8-4eaf-a4ab-1ae60d7a776c-500x500-8ZhmCZXcY3G56ZTefePONbJ2gHhpcBd9msTHZ2gH.jpg",https://mahally.com/products/1891860617/1472048945/?queryID=2b52e327a9497f78de6d54a615657d7c&position=586&index=products_v2_store_view,م عالم جيفنشي,م عالم جيفنشي.csv,599,عينة_أو_مرفوض
عينة ثمين صولجان (مصغر) 10 مل,138.0,"https://cdn.salla.sa/cdn-cgi/image/fit=scale-down,width=500,height=500,onerror=redirect,format=webp/WEYON/b0187de5-ffc6-4dc1-8f24-9b84b05a8ddb-500x500-TKv0XW8vLAOZFNIjTBjndqenjZxdiKHnBySrNKcJ.jpg",https://mahally.com/products/1891860617/1961454265/?queryID=2b52e327a9497f78de6d54a615657d7c&position=587&index=products_v2_store_view,م عالم جيفنشي,م عالم جيفنشي.csv,600,عينة_أو_مرفوض
عينة اسنشيال بارفيومز ديفن فانيلا او دو بارفيوم 2مل,23.0,"https://cdn.salla.sa/cdn-cgi/image/fit=scale-down,width=500,height=500,onerror=redirect,format=webp/WEYON/ede37f4d-7fd6-4a2c-ba6e-963d03f7972e-500x500-4L0tH60bIe78AlkUQCC4O08W6ebdKfyZjFz9P1qs.jpg",https://mahally.com/products/1891860617/765504059/?queryID=2b52e327a9497f78de6d54a615657d7c&position=600&index=products_v2_store_view,م عالم جيفنشي,م عالم جيفنشي.csv,613,عينة_أو_مرفوض
عينة امواج جايدانس او دو بارفيوم 2مل,26.0,"https://cdn.salla.sa/cdn-cgi/image/fit=scale-down,width=500,height=500,onerror=redirect,format=webp/WEYON/1dac8310-e7ad-46da-bb0f-c8b0d0f8104e-500x500-jIAHgE2BSlotea3ngCWGBrh8eaqWTuEKOfgM7MUA.jpg",https://mahally.com/products/1891860617/227912787/?queryID=8f3f2826ab46c862ef2864c5d8d1f8b3&position=638&index=products_v2_store_view,م عالم جيفنشي,م عالم جيفنشي.csv,651,عينة_أو_مرفوض
عينة عطر سان لوران واي لي بارفيوم 10مل,86.0,"https://cdn.salla.sa/cdn-cgi/image/fit=scale-down,width=500,height=500,onerror=redirect,format=webp/WEYON/df691f77-9b07-4e97-b6d7-af94264805ca-416.66666666667x500-Off9Scfp1Ugjh4qWY6b9BU7ddr8hVy4bGiuRRZcn.jpg",https://mahally.com/products/1891860617/1314352445/?queryID=8f3f2826ab46c862ef2864c5d8d1f8b3&position=663&index=products_v2_store_view,م عالم جيفنشي,م عالم جيفنشي.csv,676,عينة_أو_مرفوض
عينة اكوا كلونيا 4711 اورجنال او دي كلون 8مل,9.0,"https://cdn.salla.sa/cdn-cgi/image/fit=scale-down,width=500,height=500,onerror=redirect,format=webp/WEYON/03f86665-0859-436e-a5c0-dd6aac12ce95-500x500-ZSORA1s90hkQL6ZfAEMYvZKP2JNCr9NTJH5xjwrv.jpg",https://mahally.com/products/1891860617/484837360/?queryID=8f3f2826ab46c862ef2864c5d8d1f8b3&position=688&index=products_v2_store_view,م عالم جيفنشي,م عالم جيفنشي.csv,701,عينة_أو_مرفوض
عينة عطر توم فورد عود وود أو دو بارفان 4مل,101.0,"https://cdn.salla.sa/cdn-cgi/image/fit=scale-down,width=500,height=500,onerror=redirect,format=webp/WEYON/3db9f78e-e71a-431d-b802-e93f11e816c0-500x500-DoOsUEUXv9OiTZv7NnCfnafUvF88aVUyoK7OfQP9.jpg",https://mahally.com/products/1891860617/717519794/?queryID=8f3f2826ab46c862ef2864c5d8d1f8b3&position=699&index=products_v2_store_view,م عالم جيفنشي,م عالم جيفنشي.csv,712,عينة_أو_مرفوض
عينة عطر مليون جولد أو دو برفيوم 10مل,75.0,"https://cdn.salla.sa/cdn-cgi/image/fit=scale-down,width=500,height=500,onerror=redirect,format=webp/WEYON/7bea4c11-a009-4eb9-ba7f-ab220115590d-500x500-tqDo30GXVF7j1tnjfirZr7yBr2MB5EJOFKJaSXuY.jpg",https://mahally.com/products/1891860617/2086348637/?queryID=dbfa8a3ccd008f7b2bfd744857474444&position=710&index=products_v2_store_view,م عالم جيفنشي,م عالم جيفنشي.csv,723,عينة_أو_مرفوض
عينة شانيل كورومانديل او دو بارفيوم 1.5مل,23.0,"https://cdn.salla.sa/cdn-cgi/image/fit=scale-down,width=500,height=500,onerror=redirect,format=webp/WEYON/3ddfc231-17d1-4e81-b83d-7d9b8a5ec98a-500x374.5-64NglK1EGIezNo0AwlJEQoewHSE7FoAYN10hXOGs.jpg",https://mahally.com/products/1891860617/762852070/?queryID=dbfa8a3ccd008f7b2bfd744857474444&position=711&index=products_v2_store_view,م عالم جيفنشي,م عالم جيفنشي.csv,724,عينة_أو_مرفوض
عينة ديور هوم انتنس او دو بارفيوم 1مل,11.0,"https://cdn.salla.sa/cdn-cgi/image/fit=scale-down,width=500,height=500,onerror=redirect,format=webp/WEYON/36f713d4-9421-4fe8-b329-e38f078cdd6e-500x500-6LpzyOXkbE2N4emGBFQUenjH3sZkXOIDcW99npQ8.jpg",https://mahally.com/products/1891860617/103274722/?queryID=dbfa8a3ccd008f7b2bfd744857474444&position=732&index=products_v2_store_view,م عالم جيفنشي,م عالم جيفنشي.csv,745,عينة_أو_مرفوض
عينة زيرجوف ايربا بورا او دو بارفيوم 2مل,17.0,"https://cdn.salla.sa/cdn-cgi/image/fit=scale-down,width=500,height=500,onerror=redirect,format=webp/WEYON/790cce5a-052d-403f-9006-88b53981c33d-500x500-ctAtQtGkmKXMtwUV9BfvMrhiDevf7HEhtmVeaCV6.jpg",https://mahally.com/products/1891860617/609480632/?queryID=dbfa8a3ccd008f7b2bfd744857474444&position=754&index=products_v2_store_view,م عالم جيفنشي,م عالم جيفنشي.csv,767,عينة_أو_مرفوض
عينة فالنتينو اومو بورن ان روما يالو دريم او دو تواليت 15مل(بخاخ),69.0,"https://cdn.salla.sa/cdn-cgi/image/fit=scale-down,width=500,height=500,onerror=redirect,format=webp/WEYON/3ff2b8c9-6d9a-403f-83b5-50174197f350-500x500-IebWBID5phD16rrUii6dhhgWqEV8ckK92E8qbrQz.jpg",https://mahally.com/products/1891860617/417817190/?queryID=2375aba0aa506018d05fb8e4e8f37d0a&position=805&index=products_v2_store_view,م عالم جيفنشي,م عالم جيفنشي.csv,818,عينة_أو_مرفوض
عينه باراديس ديس سينس زانادو اودي برفيوم15مل,74.0,"https://cdn.salla.sa/cdn-cgi/image/fit=scale-down,width=500,height=500,onerror=redirect,format=webp/WEYON/c46e0d1e-c958-4d81-a1a4-6729eb7ef08f-500x496.5-EgxkMVEWm1x6HSlAOFdyv9QWp6hHeMLFsbHHjxzo.jpg",https://mahally.com/products/1891860617/293552559/?queryID=96a99530befa15e1b8ea82c3f9d4d56e&position=904&index=products_v2_store_view,م عالم جيفنشي,م عالم جيفنشي.csv,917,عينة_أو_مرفوض
عينة توم فورد عنبر ليذر 4مل سكب,57.0,"https://cdn.salla.sa/cdn-cgi/image/fit=scale-down,width=500,height=500,onerror=redirect,format=webp/WEYON/42e2c206-b04e-41f9-9e8e-df7c5b86aae1-500x375.69444444444-ybTzwiIi83BsSUk3UkGGNZNuupy1XQHqZi99LJPx.jpg",https://mahally.com/products/1891860617/1491497251/?queryID=96a99530befa15e1b8ea82c3f9d4d56e&position=921&index=products_v2_store_view,م عالم جيفنشي,م عالم جيفنشي.csv,934,عينة_أو_مرفوض
عينة عطر نسائي بربري قولد او دو برفيوم انتنس 5مل,23.0,"https://cdn.salla.sa/cdn-cgi/image/fit=scale-down,width=500,height=500,onerror=redirect,format=webp/WEYON/267de308-e6d8-4c88-ae9c-f01c38fab2f2-500x500-ehUt63ZjXP34qafEm268h6jOpt5T2l23z1PNsCcX.jpg",https://mahally.com/products/1891860617/871975354/?queryID=96a99530befa15e1b8ea82c3f9d4d56e&position=931&index=products_v2_store_view,م عالم جيفنشي,م عالم جيفنشي.csv,944,عينة_أو_مرفوض
عينة دولتشي اند غابانا كيه او دي بارفان انتينس 5 مل,27.0,"https://cdn.salla.sa/cdn-cgi/image/fit=scale-down,width=500,height=500,onerror=redirect,format=webp/WEYON/875f8715-7a89-4b45-95bd-aa97f9746c41-500x500-BYWslorLnRcSoMy4UKdrMlre8lI7TTkFgLrUt1Cc.jpg",https://mahally.com/products/1891860617/1544557925/?queryID=96a99530befa15e1b8ea82c3f9d4d56e&position=949&index=products_v2_store_view,م عالم جيفنشي,م عالم جيفنشي.csv,962,عينة_أو_مرفوض
عينة عطر هيبيونتك بويزن ديور - 1مل,11.0,"https://cdn.salla.sa/cdn-cgi/image/fit=scale-down,width=500,height=500,onerror=redirect,format=webp/WEYON/61266566-acb7-4543-b4e3-b6aa73adf41e-440.74923547401x500-4eHXICPbetm1ajsFyIuNJegsvgQkkrLMuInXgNCF.jpg",https://mahally.com/products/1891860617/1649802170/?queryID=96a99530befa15e1b8ea82c3f9d4d56e&position=951&index=products_v2_store_view,م عالم جيفنشي,م عالم جيفنشي.csv,964,عينة_أو_مرفوض
عينة لويس فيتون ايماجينيشن او دو بارفيوم - 2مل,27.0,"https://cdn.salla.sa/cdn-cgi/image/fit=scale-down,width=500,height=500,onerror=redirect,format=webp/WEYON/49c046f2-ef44-41c2-9aee-aeeb61c8d6b7-426x500-5NbeduLuLiTBn3LneXpKo7yjSvJkHAMIoqwJ9vgB.jpg",https://mahally.com/products/1891860617/466223546/?queryID=96a99530befa15e1b8ea82c3f9d4d56e&position=967&index=products_v2_store_view,م عالم جيفنشي,م عالم جيفنشي.csv,980,عينة_أو_مرفوض
